timestamp,matched_functions,matched_bytes,added_functions,added_bytes,source
2026-04-07T22:22:14.241600,43,8240,43,8240,baseline
2026-04-07T22:22:14.242420,44,8248,1,8,logs/match_*.jsonl + matched_at
2026-04-07T22:22:14.242556,45,8256,1,8,logs/match_*.jsonl + matched_at
2026-04-07T22:22:14.242636,46,8264,1,8,logs/match_*.jsonl + matched_at
2026-04-07T22:22:14.242687,47,8272,1,8,logs/match_*.jsonl + matched_at
2026-04-07T22:44:24.850093,48,8280,1,8,logs/match_*.jsonl + matched_at
2026-04-07T22:44:24.850912,49,8288,1,8,logs/match_*.jsonl + matched_at
2026-04-07T22:44:24.851068,50,8296,1,8,logs/match_*.jsonl + matched_at
2026-04-07T22:44:24.851145,51,8304,1,8,logs/match_*.jsonl + matched_at
2026-04-07T22:44:24.851200,52,8312,1,8,logs/match_*.jsonl + matched_at
2026-04-07T22:54:09.169497,53,8320,1,8,logs/match_*.jsonl + matched_at
2026-04-07T22:54:09.171139,54,8328,1,8,logs/match_*.jsonl + matched_at
2026-04-07T22:54:09.171247,55,8336,1,8,logs/match_*.jsonl + matched_at
2026-04-07T22:54:09.171319,56,8344,1,8,logs/match_*.jsonl + matched_at
2026-04-07T22:54:09.171399,57,8352,1,8,logs/match_*.jsonl + matched_at
2026-04-07T22:58:02.975876,58,8360,1,8,logs/match_*.jsonl + matched_at
2026-04-07T22:58:02.976425,59,8368,1,8,logs/match_*.jsonl + matched_at
2026-04-07T22:58:02.976566,60,8376,1,8,logs/match_*.jsonl + matched_at
2026-04-07T22:58:02.976641,61,8384,1,8,logs/match_*.jsonl + matched_at
2026-04-07T22:58:02.976703,62,8392,1,8,logs/match_*.jsonl + matched_at
2026-04-07T23:26:55.171536,63,8400,1,8,logs/match_*.jsonl + matched_at
2026-04-07T23:26:55.171913,64,8408,1,8,logs/match_*.jsonl + matched_at
2026-04-07T23:26:55.172022,65,8416,1,8,logs/match_*.jsonl + matched_at
2026-04-07T23:26:55.172082,66,8424,1,8,logs/match_*.jsonl + matched_at
2026-04-07T23:26:55.172141,67,8432,1,8,logs/match_*.jsonl + matched_at
2026-04-07T23:30:46.812732,68,8440,1,8,logs/match_*.jsonl + matched_at
2026-04-07T23:30:46.812811,69,8448,1,8,logs/match_*.jsonl + matched_at
2026-04-07T23:30:46.812864,70,8456,1,8,logs/match_*.jsonl + matched_at
2026-04-07T23:30:46.812919,71,8464,1,8,logs/match_*.jsonl + matched_at
2026-04-07T23:38:46.086567,72,8472,1,8,logs/match_*.jsonl + matched_at
2026-04-07T23:38:46.087100,73,8480,1,8,logs/match_*.jsonl + matched_at
2026-04-07T23:38:46.087258,74,8488,1,8,logs/match_*.jsonl + matched_at
2026-04-07T23:38:46.087330,75,8496,1,8,logs/match_*.jsonl + matched_at
2026-04-07T23:38:46.087457,76,8504,1,8,logs/match_*.jsonl + matched_at
2026-04-07T23:41:11.989950,77,8512,1,8,logs/match_*.jsonl + matched_at
2026-04-07T23:41:11.990549,78,8520,1,8,logs/match_*.jsonl + matched_at
2026-04-07T23:41:11.990633,79,8528,1,8,logs/match_*.jsonl + matched_at
2026-04-07T23:41:11.990691,80,8536,1,8,logs/match_*.jsonl + matched_at
2026-04-07T23:41:11.990738,81,8544,1,8,logs/match_*.jsonl + matched_at
2026-04-07T23:44:05.401528,82,8552,1,8,logs/match_*.jsonl + matched_at
2026-04-07T23:44:05.402936,83,8560,1,8,logs/match_*.jsonl + matched_at
2026-04-07T23:44:05.403048,84,8568,1,8,logs/match_*.jsonl + matched_at
2026-04-07T23:44:05.403122,85,8576,1,8,logs/match_*.jsonl + matched_at
2026-04-07T23:44:05.403191,86,8584,1,8,logs/match_*.jsonl + matched_at
2026-04-07T23:46:45.570643,87,8592,1,8,logs/match_*.jsonl + matched_at
2026-04-07T23:46:45.571165,88,8600,1,8,logs/match_*.jsonl + matched_at
2026-04-07T23:46:45.571291,89,8608,1,8,logs/match_*.jsonl + matched_at
2026-04-07T23:46:45.571371,90,8616,1,8,logs/match_*.jsonl + matched_at
2026-04-07T23:46:45.571429,91,8624,1,8,logs/match_*.jsonl + matched_at
2026-04-07T23:50:24.674829,92,8632,1,8,logs/match_*.jsonl + matched_at
2026-04-07T23:50:24.675451,93,8640,1,8,logs/match_*.jsonl + matched_at
2026-04-07T23:50:24.675547,94,8648,1,8,logs/match_*.jsonl + matched_at
2026-04-07T23:50:24.675629,95,8656,1,8,logs/match_*.jsonl + matched_at
2026-04-07T23:50:24.675701,96,8664,1,8,logs/match_*.jsonl + matched_at
2026-04-07T23:55:29.604887,97,8672,1,8,logs/match_*.jsonl + matched_at
2026-04-07T23:55:29.605348,98,8680,1,8,logs/match_*.jsonl + matched_at
2026-04-07T23:55:29.605507,99,8688,1,8,logs/match_*.jsonl + matched_at
2026-04-07T23:55:29.605580,100,8696,1,8,logs/match_*.jsonl + matched_at
2026-04-07T23:55:29.605648,101,8704,1,8,logs/match_*.jsonl + matched_at
2026-04-07T23:58:58.923178,102,8712,1,8,logs/match_*.jsonl + matched_at
2026-04-07T23:58:58.923794,103,8720,1,8,logs/match_*.jsonl + matched_at
2026-04-07T23:58:58.924067,104,8728,1,8,logs/match_*.jsonl + matched_at
2026-04-08T00:03:51.286278,105,8736,1,8,logs/match_*.jsonl + matched_at
2026-04-08T00:03:51.286783,106,8744,1,8,logs/match_*.jsonl + matched_at
2026-04-08T00:03:51.286891,107,8752,1,8,logs/match_*.jsonl + matched_at
2026-04-08T00:03:51.286972,108,8760,1,8,logs/match_*.jsonl + matched_at
2026-04-08T00:03:51.287038,109,8768,1,8,logs/match_*.jsonl + matched_at
2026-04-08T00:06:23.670069,110,8776,1,8,logs/match_*.jsonl + matched_at
2026-04-08T00:06:23.670681,111,8784,1,8,logs/match_*.jsonl + matched_at
2026-04-08T00:06:23.670767,112,8792,1,8,logs/match_*.jsonl + matched_at
2026-04-08T00:06:23.670831,113,8800,1,8,logs/match_*.jsonl + matched_at
2026-04-08T00:06:23.670894,114,8808,1,8,logs/match_*.jsonl + matched_at
2026-04-08T00:09:59.857415,115,8816,1,8,logs/match_*.jsonl + matched_at
2026-04-08T00:09:59.858080,116,8824,1,8,logs/match_*.jsonl + matched_at
2026-04-08T00:09:59.858213,117,8832,1,8,logs/match_*.jsonl + matched_at
2026-04-08T00:09:59.858294,118,8840,1,8,logs/match_*.jsonl + matched_at
2026-04-08T00:09:59.858372,119,8848,1,8,logs/match_*.jsonl + matched_at
2026-04-08T00:12:46.818939,120,8856,1,8,logs/match_*.jsonl + matched_at
2026-04-08T00:12:46.820152,121,8864,1,8,logs/match_*.jsonl + matched_at
2026-04-08T00:12:46.820262,122,8872,1,8,logs/match_*.jsonl + matched_at
2026-04-08T00:12:46.820346,123,8880,1,8,logs/match_*.jsonl + matched_at
2026-04-08T00:12:46.820380,124,8888,1,8,logs/match_*.jsonl + matched_at
2026-04-08T00:17:48.163848,125,8896,1,8,logs/match_*.jsonl + matched_at
2026-04-08T00:17:48.164177,126,8904,1,8,logs/match_*.jsonl + matched_at
2026-04-08T00:17:48.164243,127,8912,1,8,logs/match_*.jsonl + matched_at
2026-04-08T00:17:48.164302,128,8920,1,8,logs/match_*.jsonl + matched_at
2026-04-08T00:17:48.164348,129,8928,1,8,logs/match_*.jsonl + matched_at
2026-04-08T00:21:36.057471,130,8936,1,8,logs/match_*.jsonl + matched_at
2026-04-08T00:21:36.057985,131,8944,1,8,logs/match_*.jsonl + matched_at
2026-04-08T00:21:36.058062,132,8952,1,8,logs/match_*.jsonl + matched_at
2026-04-08T00:21:36.058126,133,8960,1,8,logs/match_*.jsonl + matched_at
2026-04-08T00:21:36.058172,134,8968,1,8,logs/match_*.jsonl + matched_at
2026-04-08T00:25:12.287832,135,8976,1,8,logs/match_*.jsonl + matched_at
2026-04-08T00:25:12.288312,136,8984,1,8,logs/match_*.jsonl + matched_at
2026-04-08T00:25:12.288425,137,8992,1,8,logs/match_*.jsonl + matched_at
2026-04-08T00:25:12.288487,138,9000,1,8,logs/match_*.jsonl + matched_at
2026-04-08T00:25:12.288607,139,9008,1,8,logs/match_*.jsonl + matched_at
2026-04-08T00:27:55.393419,140,9016,1,8,logs/match_*.jsonl + matched_at
2026-04-08T00:27:55.394499,141,9024,1,8,logs/match_*.jsonl + matched_at
2026-04-08T00:27:55.394603,142,9032,1,8,logs/match_*.jsonl + matched_at
2026-04-08T00:27:55.394683,143,9040,1,8,logs/match_*.jsonl + matched_at
2026-04-08T00:27:55.394752,144,9048,1,8,logs/match_*.jsonl + matched_at
2026-04-08T00:32:49.466172,145,9056,1,8,logs/match_*.jsonl + matched_at
2026-04-08T00:32:49.466676,146,9064,1,8,logs/match_*.jsonl + matched_at
2026-04-08T00:32:49.466774,147,9072,1,8,logs/match_*.jsonl + matched_at
2026-04-08T00:32:49.466831,148,9080,1,8,logs/match_*.jsonl + matched_at
2026-04-08T00:32:49.466884,149,9088,1,8,logs/match_*.jsonl + matched_at
2026-04-08T00:37:34.919960,150,9096,1,8,logs/match_*.jsonl + matched_at
2026-04-08T00:37:34.920313,151,9104,1,8,logs/match_*.jsonl + matched_at
2026-04-08T00:37:34.920388,152,9112,1,8,logs/match_*.jsonl + matched_at
2026-04-08T00:37:34.920434,153,9120,1,8,logs/match_*.jsonl + matched_at
2026-04-08T00:37:34.920469,154,9128,1,8,logs/match_*.jsonl + matched_at
2026-04-08T00:39:20.486228,155,9136,1,8,logs/match_*.jsonl + matched_at
2026-04-08T00:39:20.487112,156,9144,1,8,logs/match_*.jsonl + matched_at
2026-04-08T00:39:20.487222,157,9152,1,8,logs/match_*.jsonl + matched_at
2026-04-08T00:39:20.487294,158,9160,1,8,logs/match_*.jsonl + matched_at
2026-04-08T00:39:20.487361,159,9168,1,8,logs/match_*.jsonl + matched_at
2026-04-08T00:43:20.776887,160,9176,1,8,logs/match_*.jsonl + matched_at
2026-04-08T00:43:20.777453,161,9184,1,8,logs/match_*.jsonl + matched_at
2026-04-08T00:43:20.777577,162,9192,1,8,logs/match_*.jsonl + matched_at
2026-04-08T00:43:20.777651,163,9200,1,8,logs/match_*.jsonl + matched_at
2026-04-08T00:43:20.777718,164,9208,1,8,logs/match_*.jsonl + matched_at
2026-04-08T00:46:12.245988,165,9216,1,8,logs/match_*.jsonl + matched_at
2026-04-08T00:46:12.246420,166,9224,1,8,logs/match_*.jsonl + matched_at
2026-04-08T00:46:12.246472,167,9232,1,8,logs/match_*.jsonl + matched_at
2026-04-08T00:46:12.246514,168,9240,1,8,logs/match_*.jsonl + matched_at
2026-04-08T00:46:12.246553,169,9248,1,8,logs/match_*.jsonl + matched_at
2026-04-08T00:48:43.615615,170,9256,1,8,logs/match_*.jsonl + matched_at
2026-04-08T00:48:43.616089,171,9264,1,8,logs/match_*.jsonl + matched_at
2026-04-08T00:48:43.616176,172,9272,1,8,logs/match_*.jsonl + matched_at
2026-04-08T00:48:43.616325,173,9280,1,8,logs/match_*.jsonl + matched_at
2026-04-08T00:48:43.616394,174,9288,1,8,logs/match_*.jsonl + matched_at
2026-04-08T00:50:58.732550,175,9296,1,8,logs/match_*.jsonl + matched_at
2026-04-08T00:50:58.733349,176,9304,1,8,logs/match_*.jsonl + matched_at
2026-04-08T00:50:58.733466,177,9312,1,8,logs/match_*.jsonl + matched_at
2026-04-08T00:50:58.733552,178,9320,1,8,logs/match_*.jsonl + matched_at
2026-04-08T00:50:58.733634,179,9328,1,8,logs/match_*.jsonl + matched_at
2026-04-08T00:56:10.832368,180,9336,1,8,logs/match_*.jsonl + matched_at
2026-04-08T00:56:10.832925,181,9344,1,8,logs/match_*.jsonl + matched_at
2026-04-08T00:56:10.833100,182,9352,1,8,logs/match_*.jsonl + matched_at
2026-04-08T00:56:10.833163,183,9360,1,8,logs/match_*.jsonl + matched_at
2026-04-08T00:56:10.833218,184,9368,1,8,logs/match_*.jsonl + matched_at
2026-04-08T00:58:36.398181,185,9376,1,8,logs/match_*.jsonl + matched_at
2026-04-08T00:58:36.399183,186,9384,1,8,logs/match_*.jsonl + matched_at
2026-04-08T00:58:36.399309,187,9392,1,8,logs/match_*.jsonl + matched_at
2026-04-08T00:58:36.399373,188,9400,1,8,logs/match_*.jsonl + matched_at
2026-04-08T00:58:36.399425,189,9408,1,8,logs/match_*.jsonl + matched_at
2026-04-08T01:03:23.772138,190,9416,1,8,logs/match_*.jsonl + matched_at
2026-04-08T01:03:23.772608,191,9424,1,8,logs/match_*.jsonl + matched_at
2026-04-08T01:03:23.772693,192,9432,1,8,logs/match_*.jsonl + matched_at
2026-04-08T01:03:23.772756,193,9440,1,8,logs/match_*.jsonl + matched_at
2026-04-08T01:03:23.772809,194,9448,1,8,logs/match_*.jsonl + matched_at
2026-04-08T01:07:52.815180,195,9456,1,8,logs/match_*.jsonl + matched_at
2026-04-08T01:07:52.815664,196,9464,1,8,logs/match_*.jsonl + matched_at
2026-04-08T01:07:52.815751,197,9472,1,8,logs/match_*.jsonl + matched_at
2026-04-08T01:07:52.815825,198,9480,1,8,logs/match_*.jsonl + matched_at
2026-04-08T01:07:52.815879,199,9488,1,8,logs/match_*.jsonl + matched_at
2026-04-08T01:12:41.324078,200,9496,1,8,logs/match_*.jsonl + matched_at
2026-04-08T01:12:41.325037,201,9504,1,8,logs/match_*.jsonl + matched_at
2026-04-08T01:12:41.325121,202,9512,1,8,logs/match_*.jsonl + matched_at
2026-04-08T01:12:41.325180,203,9520,1,8,logs/match_*.jsonl + matched_at
2026-04-08T01:12:41.325227,204,9528,1,8,logs/match_*.jsonl + matched_at
2026-04-08T01:19:28.912866,205,9536,1,8,logs/match_*.jsonl + matched_at
2026-04-08T01:19:28.913392,206,9544,1,8,logs/match_*.jsonl + matched_at
2026-04-08T01:19:28.913546,207,9552,1,8,logs/match_*.jsonl + matched_at
2026-04-08T01:19:28.913618,208,9560,1,8,logs/match_*.jsonl + matched_at
2026-04-08T01:19:28.913684,209,9568,1,8,logs/match_*.jsonl + matched_at
2026-04-08T01:24:45.378361,210,9576,1,8,logs/match_*.jsonl + matched_at
2026-04-08T01:24:45.378894,211,9584,1,8,logs/match_*.jsonl + matched_at
2026-04-08T01:24:45.378983,212,9592,1,8,logs/match_*.jsonl + matched_at
2026-04-08T01:24:45.379053,213,9600,1,8,logs/match_*.jsonl + matched_at
2026-04-08T01:24:45.379107,214,9608,1,8,logs/match_*.jsonl + matched_at
2026-04-08T01:27:26.279491,215,9616,1,8,logs/match_*.jsonl + matched_at
2026-04-08T01:27:26.280055,216,9624,1,8,logs/match_*.jsonl + matched_at
2026-04-08T01:27:26.280165,217,9632,1,8,logs/match_*.jsonl + matched_at
2026-04-08T01:27:26.280240,218,9640,1,8,logs/match_*.jsonl + matched_at
2026-04-08T01:27:26.280324,219,9648,1,8,logs/match_*.jsonl + matched_at
2026-04-08T01:29:54.420097,220,9656,1,8,logs/match_*.jsonl + matched_at
2026-04-08T01:29:54.421278,221,9664,1,8,logs/match_*.jsonl + matched_at
2026-04-08T01:29:54.421388,222,9672,1,8,logs/match_*.jsonl + matched_at
2026-04-08T01:29:54.421465,223,9680,1,8,logs/match_*.jsonl + matched_at
2026-04-08T01:29:54.421536,224,9688,1,8,logs/match_*.jsonl + matched_at
2026-04-08T01:32:07.546581,225,9696,1,8,logs/match_*.jsonl + matched_at
2026-04-08T01:32:07.547142,226,9704,1,8,logs/match_*.jsonl + matched_at
2026-04-08T01:32:07.547237,227,9712,1,8,logs/match_*.jsonl + matched_at
2026-04-08T01:32:07.547309,228,9720,1,8,logs/match_*.jsonl + matched_at
2026-04-08T01:32:07.547374,229,9728,1,8,logs/match_*.jsonl + matched_at
2026-04-08T01:33:58.435382,230,9736,1,8,logs/match_*.jsonl + matched_at
2026-04-08T01:33:58.437185,231,9744,1,8,logs/match_*.jsonl + matched_at
2026-04-08T01:33:58.437331,232,9752,1,8,logs/match_*.jsonl + matched_at
2026-04-08T01:33:58.437415,233,9760,1,8,logs/match_*.jsonl + matched_at
2026-04-08T01:33:58.437489,234,9768,1,8,logs/match_*.jsonl + matched_at
2026-04-08T01:37:02.241500,235,9776,1,8,logs/match_*.jsonl + matched_at
2026-04-08T01:37:02.242028,236,9784,1,8,logs/match_*.jsonl + matched_at
2026-04-08T01:37:02.242197,237,9792,1,8,logs/match_*.jsonl + matched_at
2026-04-08T01:37:02.242283,238,9800,1,8,logs/match_*.jsonl + matched_at
2026-04-08T01:37:02.242452,239,9808,1,8,logs/match_*.jsonl + matched_at
2026-04-08T01:38:20.658241,240,9816,1,8,logs/match_*.jsonl + matched_at
2026-04-08T01:38:20.658695,241,9824,1,8,logs/match_*.jsonl + matched_at
2026-04-08T01:38:20.658792,242,9832,1,8,logs/match_*.jsonl + matched_at
2026-04-08T01:38:20.658861,243,9840,1,8,logs/match_*.jsonl + matched_at
2026-04-08T01:38:20.658921,244,9848,1,8,logs/match_*.jsonl + matched_at
2026-04-08T01:42:04.994505,245,9856,1,8,logs/match_*.jsonl + matched_at
2026-04-08T01:42:04.995053,246,9864,1,8,logs/match_*.jsonl + matched_at
2026-04-08T01:42:04.995145,247,9872,1,8,logs/match_*.jsonl + matched_at
2026-04-08T01:42:04.995222,248,9880,1,8,logs/match_*.jsonl + matched_at
2026-04-08T01:42:04.995288,249,9888,1,8,logs/match_*.jsonl + matched_at
2026-04-08T01:46:34.218821,250,9896,1,8,logs/match_*.jsonl + matched_at
2026-04-08T01:46:34.219319,251,9904,1,8,logs/match_*.jsonl + matched_at
2026-04-08T01:46:34.219374,252,9912,1,8,logs/match_*.jsonl + matched_at
2026-04-08T01:46:34.219419,253,9920,1,8,logs/match_*.jsonl + matched_at
2026-04-08T01:46:34.219465,254,9928,1,8,logs/match_*.jsonl + matched_at
2026-04-08T01:49:43.661978,255,9936,1,8,logs/match_*.jsonl + matched_at
2026-04-08T01:49:43.662619,256,9944,1,8,logs/match_*.jsonl + matched_at
2026-04-08T01:49:43.662781,257,9952,1,8,logs/match_*.jsonl + matched_at
2026-04-08T01:49:43.662965,258,9960,1,8,logs/match_*.jsonl + matched_at
2026-04-08T01:49:43.663034,259,9968,1,8,logs/match_*.jsonl + matched_at
2026-04-08T01:54:56.839926,260,9976,1,8,logs/match_*.jsonl + matched_at
2026-04-08T01:54:56.841297,261,9984,1,8,logs/match_*.jsonl + matched_at
2026-04-08T01:54:56.841430,262,9992,1,8,logs/match_*.jsonl + matched_at
2026-04-08T01:54:56.841501,263,10000,1,8,logs/match_*.jsonl + matched_at
2026-04-08T01:54:56.841559,264,10008,1,8,logs/match_*.jsonl + matched_at
2026-04-08T01:59:07.944014,265,10016,1,8,logs/match_*.jsonl + matched_at
2026-04-08T01:59:07.944593,266,10024,1,8,logs/match_*.jsonl + matched_at
2026-04-08T01:59:07.944722,267,10032,1,8,logs/match_*.jsonl + matched_at
2026-04-08T01:59:07.944813,268,10040,1,8,logs/match_*.jsonl + matched_at
2026-04-08T01:59:07.944874,269,10048,1,8,logs/match_*.jsonl + matched_at
2026-04-08T02:02:42.363195,270,10056,1,8,logs/match_*.jsonl + matched_at
2026-04-08T02:02:42.363793,271,10064,1,8,logs/match_*.jsonl + matched_at
2026-04-08T02:02:42.363898,272,10072,1,8,logs/match_*.jsonl + matched_at
2026-04-08T02:02:42.363968,273,10080,1,8,logs/match_*.jsonl + matched_at
2026-04-08T02:02:42.364029,274,10088,1,8,logs/match_*.jsonl + matched_at
2026-04-08T02:07:26.305134,275,10096,1,8,logs/match_*.jsonl + matched_at
2026-04-08T02:07:26.305748,276,10104,1,8,logs/match_*.jsonl + matched_at
2026-04-08T02:07:26.305894,277,10112,1,8,logs/match_*.jsonl + matched_at
2026-04-08T02:07:26.305968,278,10120,1,8,logs/match_*.jsonl + matched_at
2026-04-08T02:07:26.306045,279,10128,1,8,logs/match_*.jsonl + matched_at
2026-04-08T02:11:31.730445,280,10136,1,8,logs/match_*.jsonl + matched_at
2026-04-08T02:11:31.730949,281,10144,1,8,logs/match_*.jsonl + matched_at
2026-04-08T02:11:31.731050,282,10152,1,8,logs/match_*.jsonl + matched_at
2026-04-08T02:11:31.731125,283,10160,1,8,logs/match_*.jsonl + matched_at
2026-04-08T02:11:31.731186,284,10168,1,8,logs/match_*.jsonl + matched_at
2026-04-08T02:13:21.577541,285,10176,1,8,logs/match_*.jsonl + matched_at
2026-04-08T02:13:21.578130,286,10184,1,8,logs/match_*.jsonl + matched_at
2026-04-08T02:13:21.578304,287,10192,1,8,logs/match_*.jsonl + matched_at
2026-04-08T02:13:21.578397,288,10200,1,8,logs/match_*.jsonl + matched_at
2026-04-08T02:13:21.578466,289,10208,1,8,logs/match_*.jsonl + matched_at
2026-04-08T02:15:45.010954,290,10216,1,8,logs/match_*.jsonl + matched_at
2026-04-08T02:15:45.011474,291,10224,1,8,logs/match_*.jsonl + matched_at
2026-04-08T02:15:45.011528,292,10232,1,8,logs/match_*.jsonl + matched_at
2026-04-08T02:15:45.011636,293,10240,1,8,logs/match_*.jsonl + matched_at
2026-04-08T02:17:47.581222,294,10248,1,8,logs/match_*.jsonl + matched_at
2026-04-08T02:17:47.582716,295,10256,1,8,logs/match_*.jsonl + matched_at
2026-04-08T02:17:47.582802,296,10264,1,8,logs/match_*.jsonl + matched_at
2026-04-08T02:17:47.582867,297,10272,1,8,logs/match_*.jsonl + matched_at
2026-04-08T02:17:47.582928,298,10280,1,8,logs/match_*.jsonl + matched_at
2026-04-08T02:21:24.673674,299,10288,1,8,logs/match_*.jsonl + matched_at
2026-04-08T02:21:24.673774,300,10296,1,8,logs/match_*.jsonl + matched_at
2026-04-08T02:21:24.673860,301,10304,1,8,logs/match_*.jsonl + matched_at
2026-04-08T02:21:24.673933,302,10312,1,8,logs/match_*.jsonl + matched_at
2026-04-08T02:23:45.517575,303,10320,1,8,logs/match_*.jsonl + matched_at
2026-04-08T02:23:45.518312,304,10328,1,8,logs/match_*.jsonl + matched_at
2026-04-08T02:23:45.518372,305,10336,1,8,logs/match_*.jsonl + matched_at
2026-04-08T02:23:45.518423,306,10344,1,8,logs/match_*.jsonl + matched_at
2026-04-08T02:23:45.518471,307,10352,1,8,logs/match_*.jsonl + matched_at
2026-04-08T02:26:45.862702,308,10360,1,8,logs/match_*.jsonl + matched_at
2026-04-08T02:26:45.863340,309,10368,1,8,logs/match_*.jsonl + matched_at
2026-04-08T02:26:45.863524,310,10376,1,8,logs/match_*.jsonl + matched_at
2026-04-08T02:26:45.863720,311,10384,1,8,logs/match_*.jsonl + matched_at
2026-04-08T02:26:45.863806,312,10392,1,8,logs/match_*.jsonl + matched_at
2026-04-08T02:29:46.528080,313,10400,1,8,logs/match_*.jsonl + matched_at
2026-04-08T02:29:46.528807,314,10408,1,8,logs/match_*.jsonl + matched_at
2026-04-08T02:29:46.528937,315,10416,1,8,logs/match_*.jsonl + matched_at
2026-04-08T02:29:46.529025,316,10424,1,8,logs/match_*.jsonl + matched_at
2026-04-08T02:29:46.529102,317,10432,1,8,logs/match_*.jsonl + matched_at
2026-04-08T02:32:40.925298,318,10440,1,8,logs/match_*.jsonl + matched_at
2026-04-08T02:32:40.925711,319,10448,1,8,logs/match_*.jsonl + matched_at
2026-04-08T02:32:40.925790,320,10456,1,8,logs/match_*.jsonl + matched_at
2026-04-08T02:32:40.925849,321,10464,1,8,logs/match_*.jsonl + matched_at
2026-04-08T02:32:40.925913,322,10472,1,8,logs/match_*.jsonl + matched_at
2026-04-08T02:36:19.511759,323,10480,1,8,logs/match_*.jsonl + matched_at
2026-04-08T02:36:19.512501,324,10488,1,8,logs/match_*.jsonl + matched_at
2026-04-08T02:36:19.512631,325,10496,1,8,logs/match_*.jsonl + matched_at
2026-04-08T02:36:19.512815,326,10504,1,8,logs/match_*.jsonl + matched_at
2026-04-08T02:36:19.512884,327,10512,1,8,logs/match_*.jsonl + matched_at
2026-04-08T02:38:16.425462,328,10520,1,8,logs/match_*.jsonl + matched_at
2026-04-08T02:38:16.425582,329,10528,1,8,logs/match_*.jsonl + matched_at
2026-04-08T02:38:16.425680,330,10536,1,8,logs/match_*.jsonl + matched_at
2026-04-08T02:42:23.133478,331,10544,1,8,logs/match_*.jsonl + matched_at
2026-04-08T02:42:23.134055,332,10552,1,8,logs/match_*.jsonl + matched_at
2026-04-08T02:42:23.134184,333,10560,1,8,logs/match_*.jsonl + matched_at
2026-04-08T02:42:23.134249,334,10568,1,8,logs/match_*.jsonl + matched_at
2026-04-08T02:42:23.134304,335,10576,1,8,logs/match_*.jsonl + matched_at
2026-04-08T02:45:58.015241,336,10584,1,8,logs/match_*.jsonl + matched_at
2026-04-08T02:45:58.016232,337,10592,1,8,logs/match_*.jsonl + matched_at
2026-04-08T02:45:58.016564,338,10600,1,8,logs/match_*.jsonl + matched_at
2026-04-08T02:45:58.016643,339,10608,1,8,logs/match_*.jsonl + matched_at
2026-04-08T02:49:11.140074,340,10616,1,8,logs/match_*.jsonl + matched_at
2026-04-08T02:49:11.141211,341,10624,1,8,logs/match_*.jsonl + matched_at
2026-04-08T02:49:11.141343,342,10632,1,8,logs/match_*.jsonl + matched_at
2026-04-08T02:49:11.141410,343,10640,1,8,logs/match_*.jsonl + matched_at
2026-04-08T02:49:11.141465,344,10648,1,8,logs/match_*.jsonl + matched_at
2026-04-08T02:54:26.217957,345,10656,1,8,logs/match_*.jsonl + matched_at
2026-04-08T02:54:26.218531,346,10664,1,8,logs/match_*.jsonl + matched_at
2026-04-08T02:54:26.218633,347,10672,1,8,logs/match_*.jsonl + matched_at
2026-04-08T02:54:26.218709,348,10680,1,8,logs/match_*.jsonl + matched_at
2026-04-08T02:54:26.218775,349,10688,1,8,logs/match_*.jsonl + matched_at
2026-04-08T02:56:32.355597,350,10696,1,8,logs/match_*.jsonl + matched_at
2026-04-08T02:56:32.356487,351,10704,1,8,logs/match_*.jsonl + matched_at
2026-04-08T02:56:32.356588,352,10712,1,8,logs/match_*.jsonl + matched_at
2026-04-08T02:56:32.356653,353,10720,1,8,logs/match_*.jsonl + matched_at
2026-04-08T02:56:32.356720,354,10728,1,8,logs/match_*.jsonl + matched_at
2026-04-08T02:59:49.889090,355,10736,1,8,logs/match_*.jsonl + matched_at
2026-04-08T02:59:49.889695,356,10744,1,8,logs/match_*.jsonl + matched_at
2026-04-08T02:59:49.889788,357,10752,1,8,logs/match_*.jsonl + matched_at
2026-04-08T02:59:49.889854,358,10760,1,8,logs/match_*.jsonl + matched_at
2026-04-08T02:59:49.889922,359,10768,1,8,logs/match_*.jsonl + matched_at
2026-04-08T03:03:49.548790,360,10776,1,8,logs/match_*.jsonl + matched_at
2026-04-08T03:03:49.550083,361,10784,1,8,logs/match_*.jsonl + matched_at
2026-04-08T03:03:49.550168,362,10792,1,8,logs/match_*.jsonl + matched_at
2026-04-08T03:03:49.550245,363,10800,1,8,logs/match_*.jsonl + matched_at
2026-04-08T03:03:49.550310,364,10808,1,8,logs/match_*.jsonl + matched_at
2026-04-08T03:07:22.176315,365,10816,1,8,logs/match_*.jsonl + matched_at
2026-04-08T03:07:22.176859,366,10824,1,8,logs/match_*.jsonl + matched_at
2026-04-08T03:07:22.176960,367,10832,1,8,logs/match_*.jsonl + matched_at
2026-04-08T03:07:22.177046,368,10840,1,8,logs/match_*.jsonl + matched_at
2026-04-08T03:07:22.177110,369,10848,1,8,logs/match_*.jsonl + matched_at
2026-04-08T03:09:43.941926,370,10856,1,8,logs/match_*.jsonl + matched_at
2026-04-08T03:09:43.942656,371,10864,1,8,logs/match_*.jsonl + matched_at
2026-04-08T03:09:43.942754,372,10872,1,8,logs/match_*.jsonl + matched_at
2026-04-08T03:09:43.942820,373,10880,1,8,logs/match_*.jsonl + matched_at
2026-04-08T03:09:43.942874,374,10888,1,8,logs/match_*.jsonl + matched_at
2026-04-08T03:14:29.473103,375,10896,1,8,logs/match_*.jsonl + matched_at
2026-04-08T03:14:29.474562,376,10904,1,8,logs/match_*.jsonl + matched_at
2026-04-08T03:14:29.474712,377,10912,1,8,logs/match_*.jsonl + matched_at
2026-04-08T03:14:29.474801,378,10920,1,8,logs/match_*.jsonl + matched_at
2026-04-08T03:14:29.474877,379,10928,1,8,logs/match_*.jsonl + matched_at
2026-04-08T03:20:01.383546,380,10936,1,8,logs/match_*.jsonl + matched_at
2026-04-08T03:20:01.384059,381,10944,1,8,logs/match_*.jsonl + matched_at
2026-04-08T03:20:01.384149,382,10952,1,8,logs/match_*.jsonl + matched_at
2026-04-08T03:20:01.384217,383,10960,1,8,logs/match_*.jsonl + matched_at
2026-04-08T03:20:01.384279,384,10968,1,8,logs/match_*.jsonl + matched_at
2026-04-08T03:23:15.490629,385,10976,1,8,logs/match_*.jsonl + matched_at
2026-04-08T03:23:15.491167,386,10984,1,8,logs/match_*.jsonl + matched_at
2026-04-08T03:23:15.491312,387,10992,1,8,logs/match_*.jsonl + matched_at
2026-04-08T03:23:15.491397,388,11000,1,8,logs/match_*.jsonl + matched_at
2026-04-08T03:23:15.491454,389,11008,1,8,logs/match_*.jsonl + matched_at
2026-04-08T03:26:10.301244,390,11016,1,8,logs/match_*.jsonl + matched_at
2026-04-08T03:26:10.301712,391,11024,1,8,logs/match_*.jsonl + matched_at
2026-04-08T03:26:10.301842,392,11032,1,8,logs/match_*.jsonl + matched_at
2026-04-08T03:26:10.301923,393,11040,1,8,logs/match_*.jsonl + matched_at
2026-04-08T03:26:10.301989,394,11048,1,8,logs/match_*.jsonl + matched_at
2026-04-08T03:40:04.853313,395,11056,1,8,logs/match_*.jsonl + matched_at
2026-04-08T10:59:42.410141,396,11068,1,12,logs/match_*.jsonl + matched_at
2026-04-08T10:59:42.410708,397,11080,1,12,logs/match_*.jsonl + matched_at
2026-04-08T10:59:42.410826,398,11092,1,12,logs/match_*.jsonl + matched_at
2026-04-08T10:59:42.410895,399,11104,1,12,logs/match_*.jsonl + matched_at
2026-04-08T10:59:42.410948,400,11116,1,12,logs/match_*.jsonl + matched_at
2026-04-08T11:03:39.193985,401,11128,1,12,logs/match_*.jsonl + matched_at
2026-04-08T11:03:39.194595,402,11140,1,12,logs/match_*.jsonl + matched_at
2026-04-08T11:03:39.194681,403,11152,1,12,logs/match_*.jsonl + matched_at
2026-04-08T11:03:39.194743,404,11164,1,12,logs/match_*.jsonl + matched_at
2026-04-08T11:03:39.194815,405,11176,1,12,logs/match_*.jsonl + matched_at
2026-04-08T11:21:04.902709,406,11188,1,12,logs/match_*.jsonl + matched_at
2026-04-08T11:21:04.903608,407,11252,1,64,logs/match_*.jsonl + matched_at
2026-04-08T11:21:04.903727,408,11316,1,64,logs/match_*.jsonl + matched_at
2026-04-08T11:21:04.903793,409,11388,1,72,logs/match_*.jsonl + matched_at
2026-04-08T11:47:46.693260,410,11400,1,12,logs/match_*.jsonl + matched_at
2026-04-08T11:47:46.693771,411,11476,1,76,logs/match_*.jsonl + matched_at
2026-04-08T11:47:46.693812,412,11572,1,96,logs/match_*.jsonl + matched_at
2026-04-08T12:08:11.564296,413,11584,1,12,logs/match_*.jsonl + matched_at
2026-04-08T12:08:11.565185,414,11628,1,44,logs/match_*.jsonl + matched_at
2026-04-08T12:08:11.565244,415,11672,1,44,logs/match_*.jsonl + matched_at
2026-04-08T12:13:12.579458,416,11684,1,12,logs/match_*.jsonl + matched_at
2026-04-08T12:13:12.580175,417,11696,1,12,logs/match_*.jsonl + matched_at
2026-04-08T12:13:12.580265,418,11708,1,12,logs/match_*.jsonl + matched_at
2026-04-08T12:13:12.580349,419,11720,1,12,logs/match_*.jsonl + matched_at
2026-04-08T12:13:12.580428,420,11736,1,16,logs/match_*.jsonl + matched_at
2026-04-08T12:19:25.692795,421,11748,1,12,logs/match_*.jsonl + matched_at
2026-04-08T12:19:25.692910,422,11760,1,12,logs/match_*.jsonl + matched_at
2026-04-08T12:19:25.692985,423,11772,1,12,logs/match_*.jsonl + matched_at
2026-04-08T12:19:25.693051,424,11784,1,12,logs/match_*.jsonl + matched_at
2026-04-08T12:33:51.313581,425,11796,1,12,logs/match_*.jsonl + matched_at
2026-04-08T12:33:51.314024,426,11808,1,12,logs/match_*.jsonl + matched_at
2026-04-08T13:02:17.675490,427,11820,1,12,logs/match_*.jsonl + matched_at
2026-04-08T13:05:23.748432,428,11832,1,12,logs/match_*.jsonl + matched_at
2026-04-08T13:05:23.748514,429,11844,1,12,logs/match_*.jsonl + matched_at
2026-04-08T13:05:23.748574,430,11856,1,12,logs/match_*.jsonl + matched_at
2026-04-08T13:07:04.930765,431,11868,1,12,logs/match_*.jsonl + matched_at
2026-04-08T13:07:04.931577,432,11880,1,12,logs/match_*.jsonl + matched_at
2026-04-08T13:07:04.931753,433,11892,1,12,logs/match_*.jsonl + matched_at
2026-04-08T13:07:04.931850,434,11904,1,12,logs/match_*.jsonl + matched_at
2026-04-08T13:07:04.931923,435,11916,1,12,logs/match_*.jsonl + matched_at
2026-04-08T13:24:59.447454,436,11928,1,12,logs/match_*.jsonl + matched_at
2026-04-08T13:29:30.374043,437,11940,1,12,logs/match_*.jsonl + matched_at
2026-04-08T13:29:30.374112,438,11952,1,12,logs/match_*.jsonl + matched_at
2026-04-08T14:57:23.101356,439,11964,1,12,logs/match_*.jsonl + matched_at
2026-04-08T15:02:30.825765,440,11976,1,12,logs/match_*.jsonl + matched_at
2026-04-08T15:02:30.825888,441,11988,1,12,logs/match_*.jsonl + matched_at
2026-04-08T15:02:30.825989,442,12000,1,12,logs/match_*.jsonl + matched_at
2026-04-08T15:02:30.826073,443,12012,1,12,logs/match_*.jsonl + matched_at
2026-04-08T15:32:29.945376,444,12024,1,12,logs/match_*.jsonl + matched_at
2026-04-08T15:32:29.946063,445,12044,1,20,logs/match_*.jsonl + matched_at
2026-04-08T15:32:29.946149,446,12064,1,20,logs/match_*.jsonl + matched_at
2026-04-08T15:32:29.946205,447,12108,1,44,logs/match_*.jsonl + matched_at
2026-04-08T15:32:29.946254,448,12280,1,172,logs/match_*.jsonl + matched_at
2026-04-08T15:58:18.688369,449,12292,1,12,logs/match_*.jsonl + matched_at
2026-04-08T15:58:18.689008,450,12344,1,52,logs/match_*.jsonl + matched_at
2026-04-08T15:58:18.689165,451,12384,1,40,logs/match_*.jsonl + matched_at
2026-04-08T15:58:18.689234,452,12508,1,124,logs/match_*.jsonl + matched_at
2026-04-08T15:58:18.689293,453,12652,1,144,logs/match_*.jsonl + matched_at
2026-04-08T16:02:32.040623,454,12664,1,12,logs/match_*.jsonl + matched_at
2026-04-08T16:02:32.041097,455,12680,1,16,logs/match_*.jsonl + matched_at
2026-04-08T16:02:32.041196,456,12700,1,20,logs/match_*.jsonl + matched_at
2026-04-08T16:02:32.041264,457,12720,1,20,logs/match_*.jsonl + matched_at
2026-04-08T16:02:32.041317,458,12740,1,20,logs/match_*.jsonl + matched_at
2026-04-08T16:09:56.970414,459,12752,1,12,logs/match_*.jsonl + matched_at
2026-04-08T16:09:56.970945,460,12772,1,20,logs/match_*.jsonl + matched_at
2026-04-08T16:09:56.971098,461,12792,1,20,logs/match_*.jsonl + matched_at
2026-04-08T16:09:56.971169,462,12832,1,40,logs/match_*.jsonl + matched_at
2026-04-08T16:09:56.971219,463,12884,1,52,logs/match_*.jsonl + matched_at
2026-04-08T16:12:13.417347,464,12900,1,16,logs/match_*.jsonl + matched_at
2026-04-08T16:12:13.418693,465,12916,1,16,logs/match_*.jsonl + matched_at
2026-04-08T16:12:13.418786,466,12932,1,16,logs/match_*.jsonl + matched_at
2026-04-08T16:12:13.418843,467,12948,1,16,logs/match_*.jsonl + matched_at
2026-04-08T16:12:13.418902,468,12964,1,16,logs/match_*.jsonl + matched_at
2026-04-08T16:17:13.808582,469,12980,1,16,logs/match_*.jsonl + matched_at
2026-04-08T16:17:13.809196,470,12996,1,16,logs/match_*.jsonl + matched_at
2026-04-08T16:17:13.809273,471,13024,1,28,logs/match_*.jsonl + matched_at
2026-04-08T16:17:13.809335,472,13052,1,28,logs/match_*.jsonl + matched_at
2026-04-08T16:17:13.809386,473,13116,1,64,logs/match_*.jsonl + matched_at
2026-04-08T16:47:05.740657,474,13132,1,16,logs/match_*.jsonl + matched_at
2026-04-08T16:47:05.741323,475,13164,1,32,logs/match_*.jsonl + matched_at
2026-04-08T16:47:05.741428,476,13192,1,28,logs/match_*.jsonl + matched_at
2026-04-08T16:47:05.741516,477,13272,1,80,logs/match_*.jsonl + matched_at
2026-04-08T16:50:57.379381,478,13288,1,16,logs/match_*.jsonl + matched_at
2026-04-08T16:50:57.379895,479,13304,1,16,logs/match_*.jsonl + matched_at
2026-04-08T16:50:57.379956,480,13324,1,20,logs/match_*.jsonl + matched_at
2026-04-08T16:50:57.380004,481,13344,1,20,logs/match_*.jsonl + matched_at
2026-04-08T16:50:57.380041,482,13364,1,20,logs/match_*.jsonl + matched_at
2026-04-08T16:55:09.340346,483,13380,1,16,logs/match_*.jsonl + matched_at
2026-04-08T16:55:09.340479,484,13396,1,16,logs/match_*.jsonl + matched_at
2026-04-08T16:55:09.340565,485,13412,1,16,logs/match_*.jsonl + matched_at
2026-04-08T16:55:09.340632,486,13428,1,16,logs/match_*.jsonl + matched_at
2026-04-08T17:06:25.848092,487,13444,1,16,logs/match_*.jsonl + matched_at
2026-04-08T17:06:25.848796,488,13460,1,16,logs/match_*.jsonl + matched_at
2026-04-08T17:06:25.848917,489,13496,1,36,logs/match_*.jsonl + matched_at
2026-04-08T17:06:25.848989,490,13532,1,36,logs/match_*.jsonl + matched_at
2026-04-08T17:06:25.849050,491,13568,1,36,logs/match_*.jsonl + matched_at
2026-04-08T17:13:10.224044,492,13584,1,16,logs/match_*.jsonl + matched_at
2026-04-08T17:13:10.225795,493,13600,1,16,logs/match_*.jsonl + matched_at
2026-04-08T17:13:10.225932,494,13616,1,16,logs/match_*.jsonl + matched_at
2026-04-08T17:13:10.226021,495,13632,1,16,logs/match_*.jsonl + matched_at
2026-04-08T17:13:10.226136,496,13648,1,16,logs/match_*.jsonl + matched_at
2026-04-08T17:19:20.576455,497,13664,1,16,logs/match_*.jsonl + matched_at
2026-04-08T17:19:20.577390,498,13680,1,16,logs/match_*.jsonl + matched_at
2026-04-08T17:19:20.577618,499,13716,1,36,logs/match_*.jsonl + matched_at
2026-04-08T17:19:20.577712,500,13752,1,36,logs/match_*.jsonl + matched_at
2026-04-08T17:25:01.571325,501,13768,1,16,logs/match_*.jsonl + matched_at
2026-04-08T17:25:01.571428,502,13784,1,16,logs/match_*.jsonl + matched_at
2026-04-08T17:25:01.571513,503,13800,1,16,logs/match_*.jsonl + matched_at
2026-04-08T17:27:49.911495,504,13816,1,16,logs/match_*.jsonl + matched_at
2026-04-08T17:27:49.911688,505,13832,1,16,logs/match_*.jsonl + matched_at
2026-04-08T18:32:27.484517,506,13848,1,16,logs/match_*.jsonl + matched_at
2026-04-08T18:32:27.485473,507,13948,1,100,logs/match_*.jsonl + matched_at
2026-04-08T18:32:27.485608,508,14072,1,124,logs/match_*.jsonl + matched_at
2026-04-08T18:32:27.485708,509,14224,1,152,logs/match_*.jsonl + matched_at
2026-04-08T18:32:27.485788,510,14492,1,268,logs/match_*.jsonl + matched_at
2026-04-08T18:37:18.573034,511,14508,1,16,logs/match_*.jsonl + matched_at
2026-04-08T18:37:18.573834,512,14524,1,16,logs/match_*.jsonl + matched_at
2026-04-08T18:37:18.574070,513,14544,1,20,logs/match_*.jsonl + matched_at
2026-04-08T18:37:18.574145,514,14584,1,40,logs/match_*.jsonl + matched_at
2026-04-08T18:37:18.574207,515,14636,1,52,logs/match_*.jsonl + matched_at
2026-04-08T18:42:31.340917,516,14652,1,16,logs/match_*.jsonl + matched_at
2026-04-08T18:42:31.340960,517,14668,1,16,logs/match_*.jsonl + matched_at
2026-04-08T18:42:31.341006,518,14684,1,16,logs/match_*.jsonl + matched_at
2026-04-08T18:58:21.236625,519,14700,1,16,logs/match_*.jsonl + matched_at
2026-04-08T18:58:21.237450,520,14740,1,40,logs/match_*.jsonl + matched_at
2026-04-08T18:58:21.237651,521,14756,1,16,logs/match_*.jsonl + matched_at
2026-04-08T18:58:21.237717,522,14776,1,20,logs/match_*.jsonl + matched_at
2026-04-09T01:51:02.246528,523,14888,1,112,logs/match_*.jsonl + matched_at
2026-04-09T20:31:02.054403,524,14916,1,28,logs/match_*.jsonl + matched_at
2026-04-09T20:31:02.054493,525,14944,1,28,logs/match_*.jsonl + matched_at
2026-04-09T20:31:02.054562,526,14972,1,28,logs/match_*.jsonl + matched_at
2026-04-09T20:36:32.948871,527,14992,1,20,logs/match_*.jsonl + matched_at
2026-04-09T20:36:32.949639,528,15016,1,24,logs/match_*.jsonl + matched_at
2026-04-09T20:36:32.949736,529,15052,1,36,logs/match_*.jsonl + matched_at
2026-04-09T20:36:32.949803,530,15088,1,36,logs/match_*.jsonl + matched_at
2026-04-09T20:36:32.949868,531,15144,1,56,logs/match_*.jsonl + matched_at
2026-04-09T20:47:32.845978,532,15164,1,20,logs/match_*.jsonl + matched_at
2026-04-09T20:47:32.847170,533,15224,1,60,logs/match_*.jsonl + matched_at
2026-04-09T20:47:32.847233,534,15256,1,32,logs/match_*.jsonl + matched_at
2026-04-09T20:47:32.847275,535,15320,1,64,logs/match_*.jsonl + matched_at
2026-04-09T20:47:32.847330,536,15420,1,100,logs/match_*.jsonl + matched_at
2026-04-09T21:03:59.904738,537,15440,1,20,logs/match_*.jsonl + matched_at
2026-04-09T21:03:59.905326,538,15488,1,48,logs/match_*.jsonl + matched_at
2026-04-09T21:03:59.905386,539,15568,1,80,logs/match_*.jsonl + matched_at
2026-04-09T21:03:59.905440,540,15656,1,88,logs/match_*.jsonl + matched_at
2026-04-09T21:03:59.905487,541,15748,1,92,logs/match_*.jsonl + matched_at
2026-04-09T21:14:31.707135,542,15768,1,20,logs/match_*.jsonl + matched_at
2026-04-09T21:14:31.707541,543,15832,1,64,logs/match_*.jsonl + matched_at
2026-04-09T21:14:31.707605,544,15896,1,64,logs/match_*.jsonl + matched_at
2026-04-09T21:14:31.707651,545,15960,1,64,logs/match_*.jsonl + matched_at
2026-04-09T21:14:31.707744,546,16024,1,64,logs/match_*.jsonl + matched_at
2026-04-09T21:38:05.207010,547,16044,1,20,logs/match_*.jsonl + matched_at
2026-04-09T21:38:05.207636,548,16120,1,76,logs/match_*.jsonl + matched_at
2026-04-09T21:38:05.207715,549,16236,1,116,logs/match_*.jsonl + matched_at
2026-04-09T21:38:05.207778,550,16364,1,128,logs/match_*.jsonl + matched_at
2026-04-09T22:03:57.308668,551,16384,1,20,logs/match_*.jsonl + matched_at
2026-04-09T22:03:57.309376,552,16428,1,44,logs/match_*.jsonl + matched_at
2026-04-09T22:03:57.309467,553,16472,1,44,logs/match_*.jsonl + matched_at
2026-04-09T22:03:57.309526,554,16516,1,44,logs/match_*.jsonl + matched_at
2026-04-09T22:29:59.421279,555,16536,1,20,logs/match_*.jsonl + matched_at
2026-04-09T22:29:59.421925,556,16616,1,80,logs/match_*.jsonl + matched_at
2026-04-09T22:29:59.422017,557,16728,1,112,logs/match_*.jsonl + matched_at
2026-04-09T22:29:59.422077,558,16840,1,112,logs/match_*.jsonl + matched_at
2026-04-09T22:29:59.422133,559,16964,1,124,logs/match_*.jsonl + matched_at
2026-04-09T22:35:43.130133,560,16984,1,20,logs/match_*.jsonl + matched_at
2026-04-09T22:35:43.130826,561,17012,1,28,logs/match_*.jsonl + matched_at
2026-04-09T22:35:43.130959,562,17040,1,28,logs/match_*.jsonl + matched_at
2026-04-09T22:35:43.131093,563,17084,1,44,logs/match_*.jsonl + matched_at
2026-04-09T22:35:43.131160,564,17128,1,44,logs/match_*.jsonl + matched_at
2026-04-10T00:08:28.321303,565,17148,1,20,logs/match_*.jsonl + matched_at
2026-04-10T00:08:28.322126,566,17204,1,56,logs/match_*.jsonl + matched_at
2026-04-10T00:08:28.322308,567,17224,1,20,logs/match_*.jsonl + matched_at
2026-04-10T00:25:47.944048,568,17244,1,20,logs/match_*.jsonl + matched_at
2026-04-10T00:25:47.944425,569,17268,1,24,logs/match_*.jsonl + matched_at
2026-04-10T00:25:47.944517,570,17300,1,32,logs/match_*.jsonl + matched_at
2026-04-10T00:25:47.944578,571,17344,1,44,logs/match_*.jsonl + matched_at
2026-04-10T00:25:47.944629,572,17396,1,52,logs/match_*.jsonl + matched_at
2026-04-10T01:19:55.265885,573,17416,1,20,logs/match_*.jsonl + matched_at
2026-04-10T01:19:55.266455,574,17452,1,36,logs/match_*.jsonl + matched_at
2026-04-10T01:24:39.118554,575,17472,1,20,logs/match_*.jsonl + matched_at
2026-04-10T01:24:39.119230,576,17492,1,20,logs/match_*.jsonl + matched_at
2026-04-10T01:24:39.119380,577,17512,1,20,logs/match_*.jsonl + matched_at
2026-04-10T01:32:51.960951,578,17532,1,20,logs/match_*.jsonl + matched_at
2026-04-10T01:32:51.961692,579,17552,1,20,logs/match_*.jsonl + matched_at
2026-04-10T01:32:51.961809,580,17572,1,20,logs/match_*.jsonl + matched_at
2026-04-10T02:02:15.768889,581,17592,1,20,logs/match_*.jsonl + matched_at
2026-04-10T02:02:15.769585,582,17664,1,72,logs/match_*.jsonl + matched_at
2026-04-10T02:02:15.769715,583,17764,1,100,logs/match_*.jsonl + matched_at
2026-04-10T02:02:15.769792,584,17888,1,124,logs/match_*.jsonl + matched_at
2026-04-10T02:02:15.769869,585,18012,1,124,logs/match_*.jsonl + matched_at
2026-04-10T02:11:01.351929,586,18032,1,20,logs/match_*.jsonl + matched_at
2026-04-10T02:11:01.353355,587,18112,1,80,logs/match_*.jsonl + matched_at
2026-04-10T02:11:01.353457,588,18212,1,100,logs/match_*.jsonl + matched_at
2026-04-10T02:11:01.353521,589,18336,1,124,logs/match_*.jsonl + matched_at
2026-04-10T02:11:01.353580,590,18468,1,132,logs/match_*.jsonl + matched_at
2026-04-10T03:04:25.556190,591,18488,1,20,logs/match_*.jsonl + matched_at
2026-04-10T03:04:25.556717,592,18524,1,36,logs/match_*.jsonl + matched_at
2026-04-10T03:04:25.556795,593,18612,1,88,logs/match_*.jsonl + matched_at
2026-04-10T03:04:25.556841,594,18700,1,88,logs/match_*.jsonl + matched_at
2026-04-10T03:16:27.472940,595,18720,1,20,logs/match_*.jsonl + matched_at
2026-04-10T03:16:27.473692,596,18740,1,20,logs/match_*.jsonl + matched_at
2026-04-10T03:16:27.473819,597,18768,1,28,logs/match_*.jsonl + matched_at
2026-04-10T03:16:27.473907,598,18820,1,52,logs/match_*.jsonl + matched_at
2026-04-10T03:16:27.473988,599,18888,1,68,logs/match_*.jsonl + matched_at
2026-04-10T03:44:28.719061,600,18908,1,20,logs/match_*.jsonl + matched_at
2026-04-10T03:44:28.720453,601,18928,1,20,logs/match_*.jsonl + matched_at
2026-04-10T03:44:28.720720,602,19112,1,184,logs/match_*.jsonl + matched_at
2026-04-10T03:44:28.720813,603,19392,1,280,logs/match_*.jsonl + matched_at
2026-04-10T04:18:47.786414,604,19412,1,20,logs/match_*.jsonl + matched_at
2026-04-10T04:18:47.786791,605,19432,1,20,logs/match_*.jsonl + matched_at
2026-04-10T04:18:47.786876,606,19656,1,224,logs/match_*.jsonl + matched_at
2026-04-10T04:18:47.786930,607,19936,1,280,logs/match_*.jsonl + matched_at
2026-04-10T04:18:47.786968,608,20256,1,320,logs/match_*.jsonl + matched_at
2026-04-10T04:37:23.592288,609,20276,1,20,logs/match_*.jsonl + matched_at
2026-04-10T04:37:23.593212,610,20296,1,20,logs/match_*.jsonl + matched_at
2026-04-10T04:37:23.593346,611,20420,1,124,logs/match_*.jsonl + matched_at
2026-04-10T04:37:23.593494,612,20652,1,232,logs/match_*.jsonl + matched_at
2026-04-10T04:37:23.593577,613,20908,1,256,logs/match_*.jsonl + matched_at
2026-04-10T05:06:26.298688,614,20928,1,20,logs/match_*.jsonl + matched_at
2026-04-10T05:06:26.299947,615,20948,1,20,logs/match_*.jsonl + matched_at
2026-04-10T05:06:26.300092,616,21096,1,148,logs/match_*.jsonl + matched_at
2026-04-10T05:06:26.300171,617,21264,1,168,logs/match_*.jsonl + matched_at
2026-04-10T05:28:18.670563,618,21284,1,20,logs/match_*.jsonl + matched_at
2026-04-10T05:28:18.671432,619,21304,1,20,logs/match_*.jsonl + matched_at
2026-04-10T05:28:18.671544,620,21496,1,192,logs/match_*.jsonl + matched_at
2026-04-10T05:28:18.671620,621,21704,1,208,logs/match_*.jsonl + matched_at
2026-04-10T05:28:18.671702,622,21984,1,280,logs/match_*.jsonl + matched_at
2026-04-10T06:28:46.854011,623,22004,1,20,logs/match_*.jsonl + matched_at
2026-04-10T06:28:46.854828,624,22024,1,20,logs/match_*.jsonl + matched_at
2026-04-10T06:28:46.854942,625,22184,1,160,logs/match_*.jsonl + matched_at
2026-04-10T06:28:46.855031,626,22356,1,172,logs/match_*.jsonl + matched_at
2026-04-10T06:28:46.855088,627,22588,1,232,logs/match_*.jsonl + matched_at
2026-04-10T06:40:29.697007,628,22608,1,20,logs/match_*.jsonl + matched_at
2026-04-10T06:40:29.697680,629,22628,1,20,logs/match_*.jsonl + matched_at
2026-04-10T06:40:29.697762,630,22764,1,136,logs/match_*.jsonl + matched_at
2026-04-10T06:40:29.697811,631,22928,1,164,logs/match_*.jsonl + matched_at
2026-04-10T06:40:29.697850,632,23132,1,204,logs/match_*.jsonl + matched_at
2026-04-10T06:59:39.493182,633,23152,1,20,logs/match_*.jsonl + matched_at
2026-04-10T06:59:39.493711,634,23172,1,20,logs/match_*.jsonl + matched_at
2026-04-10T06:59:39.493781,635,23392,1,220,logs/match_*.jsonl + matched_at
2026-04-10T06:59:39.493835,636,23652,1,260,logs/match_*.jsonl + matched_at
2026-04-10T06:59:39.493884,637,23932,1,280,logs/match_*.jsonl + matched_at
2026-04-10T07:18:42.865400,638,23952,1,20,logs/match_*.jsonl + matched_at
2026-04-10T07:18:42.865898,639,23972,1,20,logs/match_*.jsonl + matched_at
2026-04-10T07:18:42.865965,640,24164,1,192,logs/match_*.jsonl + matched_at
2026-04-10T07:18:42.866021,641,24396,1,232,logs/match_*.jsonl + matched_at
2026-04-10T07:18:42.866069,642,24676,1,280,logs/match_*.jsonl + matched_at
2026-04-10T07:37:03.336940,643,24696,1,20,logs/match_*.jsonl + matched_at
2026-04-10T07:37:03.337505,644,24716,1,20,logs/match_*.jsonl + matched_at
2026-04-10T07:37:03.337605,645,24756,1,40,logs/match_*.jsonl + matched_at
2026-04-10T07:37:03.337659,646,24816,1,60,logs/match_*.jsonl + matched_at
2026-04-10T07:37:03.337715,647,24888,1,72,logs/match_*.jsonl + matched_at
2026-04-10T07:47:45.370401,648,24908,1,20,logs/match_*.jsonl + matched_at
2026-04-10T07:47:45.371298,649,24928,1,20,logs/match_*.jsonl + matched_at
2026-04-10T07:47:45.371421,650,24956,1,28,logs/match_*.jsonl + matched_at
2026-04-10T07:47:45.371496,651,24996,1,40,logs/match_*.jsonl + matched_at
2026-04-10T07:47:45.371551,652,25064,1,68,logs/match_*.jsonl + matched_at
2026-04-10T07:55:37.846288,653,25084,1,20,logs/match_*.jsonl + matched_at
2026-04-10T07:55:37.847885,654,25108,1,24,logs/match_*.jsonl + matched_at
2026-04-10T07:55:37.847993,655,25132,1,24,logs/match_*.jsonl + matched_at
2026-04-10T07:55:37.848077,656,25156,1,24,logs/match_*.jsonl + matched_at
2026-04-10T07:55:37.848148,657,25180,1,24,logs/match_*.jsonl + matched_at
2026-04-10T08:19:45.563557,658,25204,1,24,logs/match_*.jsonl + matched_at
2026-04-10T08:19:45.564439,659,25388,1,184,logs/match_*.jsonl + matched_at
2026-04-10T08:19:45.564550,660,25604,1,216,logs/match_*.jsonl + matched_at
2026-04-10T22:28:41.574457,661,25728,1,124,logs/match_*.jsonl + matched_at
2026-04-10T22:36:04.061154,662,25884,1,156,logs/match_*.jsonl + matched_at
2026-04-10T22:36:04.061758,663,26036,1,152,logs/match_*.jsonl + matched_at
2026-04-11T02:57:05.271198,664,26168,1,132,logs/match_*.jsonl + matched_at
2026-04-11T03:29:47.913835,665,26352,1,184,logs/match_*.jsonl + matched_at
2026-04-11T03:37:16.834631,666,26456,1,104,logs/match_*.jsonl + matched_at
2026-04-11T04:30:53.660638,667,26524,1,68,logs/match_*.jsonl + matched_at
2026-04-11T05:19:25.926541,668,26608,1,84,logs/match_*.jsonl + matched_at
2026-04-11T05:22:42.407878,669,26740,1,132,logs/match_*.jsonl + matched_at
2026-04-11T05:40:58.199504,670,26920,1,180,logs/match_*.jsonl + matched_at
2026-04-11T06:18:41.613694,671,27032,1,112,logs/match_*.jsonl + matched_at
2026-04-11T06:18:41.614247,672,27236,1,204,logs/match_*.jsonl + matched_at
2026-04-11T09:45:07.927827,673,27432,1,196,logs/match_*.jsonl + matched_at
2026-04-11T16:01:11.372084,674,27612,1,180,logs/match_*.jsonl + matched_at
2026-04-11T16:52:24.517494,675,27672,1,60,logs/match_*.jsonl + matched_at
2026-04-11T17:30:44.826619,676,27768,1,96,logs/match_*.jsonl + matched_at
2026-04-11T18:09:58.308723,677,27936,1,168,logs/match_*.jsonl + matched_at
2026-04-20T00:24:19.542760,678,27960,1,24,logs/match_*.jsonl + matched_at
2026-04-20T00:24:19.543023,679,27984,1,24,logs/match_*.jsonl + matched_at
2026-04-20T00:27:42.373369,680,28008,1,24,logs/match_*.jsonl + matched_at
2026-04-20T00:27:42.373935,681,28032,1,24,logs/match_*.jsonl + matched_at
2026-04-20T00:33:37.619314,682,28056,1,24,logs/match_*.jsonl + matched_at
2026-04-20T00:33:37.619380,683,28080,1,24,logs/match_*.jsonl + matched_at
2026-04-20T00:33:37.619438,684,28104,1,24,logs/match_*.jsonl + matched_at
2026-04-20T00:36:26.607496,685,28128,1,24,logs/match_*.jsonl + matched_at
2026-04-20T00:36:26.608097,686,28172,1,44,logs/match_*.jsonl + matched_at
2026-04-20T00:36:26.608191,687,28200,1,28,logs/match_*.jsonl + matched_at
2026-04-20T00:36:26.608260,688,28252,1,52,logs/match_*.jsonl + matched_at
2026-04-20T00:36:26.608401,689,28316,1,64,logs/match_*.jsonl + matched_at
2026-04-20T00:42:54.797141,690,28344,1,28,logs/match_*.jsonl + matched_at
2026-04-20T00:42:54.797204,691,28372,1,28,logs/match_*.jsonl + matched_at
2026-04-20T00:42:54.797268,692,28400,1,28,logs/match_*.jsonl + matched_at
2026-04-20T00:51:02.284753,693,28428,1,28,logs/match_*.jsonl + matched_at
2026-04-20T00:51:02.285349,694,28488,1,60,logs/match_*.jsonl + matched_at
2026-04-20T00:56:30.870304,695,28516,1,28,logs/match_*.jsonl + matched_at
2026-04-20T00:56:30.870834,696,28544,1,28,logs/match_*.jsonl + matched_at
2026-04-20T00:56:30.870881,697,28572,1,28,logs/match_*.jsonl + matched_at
2026-04-20T00:56:30.870917,698,28600,1,28,logs/match_*.jsonl + matched_at
2026-04-20T01:03:50.925514,699,28628,1,28,logs/match_*.jsonl + matched_at
2026-04-20T01:03:50.926169,700,28676,1,48,logs/match_*.jsonl + matched_at
2026-04-20T01:03:50.926282,701,28764,1,88,logs/match_*.jsonl + matched_at
2026-04-20T01:03:50.926407,702,28852,1,88,logs/match_*.jsonl + matched_at
2026-04-20T01:03:50.926463,703,28952,1,100,logs/match_*.jsonl + matched_at
2026-04-20T01:22:54.528977,704,28980,1,28,logs/match_*.jsonl + matched_at
2026-04-20T01:22:54.529558,705,29056,1,76,logs/match_*.jsonl + matched_at
2026-04-20T01:22:54.529628,706,29156,1,100,logs/match_*.jsonl + matched_at
2026-04-20T01:22:54.529673,707,29264,1,108,logs/match_*.jsonl + matched_at
2026-04-20T01:22:54.529713,708,29392,1,128,logs/match_*.jsonl + matched_at
2026-04-20T01:46:40.750688,709,29420,1,28,logs/match_*.jsonl + matched_at
2026-04-20T01:46:40.752198,710,29452,1,32,logs/match_*.jsonl + matched_at
2026-04-20T01:46:40.752251,711,29484,1,32,logs/match_*.jsonl + matched_at
2026-04-20T01:46:40.752335,712,29516,1,32,logs/match_*.jsonl + matched_at
2026-04-20T01:46:40.752434,713,29576,1,60,logs/match_*.jsonl + matched_at
2026-04-20T01:55:54.515230,714,29604,1,28,logs/match_*.jsonl + matched_at
2026-04-20T01:55:54.516837,715,29660,1,56,logs/match_*.jsonl + matched_at
2026-04-20T01:55:54.516993,716,29736,1,76,logs/match_*.jsonl + matched_at
2026-04-20T01:55:54.517075,717,29832,1,96,logs/match_*.jsonl + matched_at
2026-04-20T01:55:54.517170,718,29956,1,124,logs/match_*.jsonl + matched_at
2026-04-20T01:57:44.321719,719,29984,1,28,logs/match_*.jsonl + matched_at
2026-04-20T01:57:44.323023,720,30040,1,56,logs/match_*.jsonl + matched_at
2026-04-20T01:57:44.323080,721,30116,1,76,logs/match_*.jsonl + matched_at
2026-04-20T01:57:44.323125,722,30212,1,96,logs/match_*.jsonl + matched_at
2026-04-20T01:57:44.323170,723,30336,1,124,logs/match_*.jsonl + matched_at
2026-04-20T02:07:50.509175,724,30364,1,28,logs/match_*.jsonl + matched_at
2026-04-20T02:07:50.510566,725,30580,1,216,logs/match_*.jsonl + matched_at
2026-04-20T02:07:50.510698,726,30608,1,28,logs/match_*.jsonl + matched_at
2026-04-20T02:37:45.236192,727,30636,1,28,logs/match_*.jsonl + matched_at
2026-04-20T02:37:45.236526,728,30664,1,28,logs/match_*.jsonl + matched_at
2026-04-20T02:37:45.236588,729,30692,1,28,logs/match_*.jsonl + matched_at
2026-04-20T03:01:06.492740,730,30724,1,32,logs/match_*.jsonl + matched_at
2026-04-20T03:01:06.494364,731,30752,1,28,logs/match_*.jsonl + matched_at
2026-04-20T03:01:06.494510,732,30780,1,28,logs/match_*.jsonl + matched_at
2026-04-20T03:01:06.494590,733,30880,1,100,logs/match_*.jsonl + matched_at
2026-04-20T03:21:51.398490,734,30912,1,32,logs/match_*.jsonl + matched_at
2026-04-20T03:21:51.400011,735,30976,1,64,logs/match_*.jsonl + matched_at
2026-04-20T03:21:51.400125,736,31052,1,76,logs/match_*.jsonl + matched_at
2026-04-20T03:21:51.400273,737,31152,1,100,logs/match_*.jsonl + matched_at
2026-04-20T03:40:45.084855,738,31184,1,32,logs/match_*.jsonl + matched_at
2026-04-20T03:40:45.085390,739,31224,1,40,logs/match_*.jsonl + matched_at
2026-04-20T03:40:45.085511,740,31352,1,128,logs/match_*.jsonl + matched_at
2026-04-20T03:40:45.085552,741,31504,1,152,logs/match_*.jsonl + matched_at
2026-04-20T03:56:38.838525,742,31536,1,32,logs/match_*.jsonl + matched_at
2026-04-20T04:24:31.828704,743,31568,1,32,logs/match_*.jsonl + matched_at
2026-04-20T05:38:16.644833,744,31600,1,32,logs/match_*.jsonl + matched_at
2026-04-20T05:38:16.645882,745,31792,1,192,logs/match_*.jsonl + matched_at
2026-04-20T06:20:04.116801,746,31828,1,36,logs/match_*.jsonl + matched_at
2026-04-20T06:20:04.117208,747,31864,1,36,logs/match_*.jsonl + matched_at
2026-04-20T06:42:14.080381,748,31896,1,32,logs/match_*.jsonl + matched_at
2026-04-20T06:57:30.960813,749,31928,1,32,logs/match_*.jsonl + matched_at
2026-04-20T06:57:30.960892,750,31960,1,32,logs/match_*.jsonl + matched_at
2026-04-20T06:57:30.960958,751,31992,1,32,logs/match_*.jsonl + matched_at
2026-04-20T07:34:03.578646,752,32024,1,32,logs/match_*.jsonl + matched_at
2026-04-20T07:34:03.578767,753,32056,1,32,logs/match_*.jsonl + matched_at
2026-04-20T07:34:03.578847,754,32088,1,32,logs/match_*.jsonl + matched_at
2026-04-20T07:51:44.788616,755,32124,1,36,logs/match_*.jsonl + matched_at
2026-04-20T07:51:44.790181,756,32160,1,36,logs/match_*.jsonl + matched_at
2026-04-20T07:51:44.790244,757,32196,1,36,logs/match_*.jsonl + matched_at
2026-04-20T07:51:44.790302,758,32232,1,36,logs/match_*.jsonl + matched_at
2026-04-20T08:08:26.766880,759,32268,1,36,logs/match_*.jsonl + matched_at
2026-04-20T08:19:26.368370,760,32304,1,36,logs/match_*.jsonl + matched_at
2026-04-20T08:35:02.283851,761,32360,1,56,logs/match_*.jsonl + matched_at
2026-04-20T08:45:05.197851,762,32396,1,36,logs/match_*.jsonl + matched_at
2026-04-20T08:45:05.198487,763,32516,1,120,logs/match_*.jsonl + matched_at
2026-04-20T08:45:05.198628,764,32552,1,36,logs/match_*.jsonl + matched_at
2026-04-20T08:45:05.198675,765,32588,1,36,logs/match_*.jsonl + matched_at
2026-04-20T09:07:25.266382,766,32624,1,36,logs/match_*.jsonl + matched_at
2026-04-20T09:07:25.267812,767,32660,1,36,logs/match_*.jsonl + matched_at
2026-04-20T09:07:25.267943,768,32696,1,36,logs/match_*.jsonl + matched_at
2026-04-20T09:31:06.807559,769,32732,1,36,logs/match_*.jsonl + matched_at
2026-04-20T09:31:06.809180,770,32804,1,72,logs/match_*.jsonl + matched_at
2026-04-20T09:31:06.809239,771,32916,1,112,logs/match_*.jsonl + matched_at
2026-04-20T09:31:06.809285,772,33040,1,124,logs/match_*.jsonl + matched_at
2026-04-20T11:57:18.893970,773,33076,1,36,logs/match_*.jsonl + matched_at
2026-04-20T11:57:18.894367,774,33112,1,36,logs/match_*.jsonl + matched_at
2026-04-20T11:57:18.894475,775,33200,1,88,logs/match_*.jsonl + matched_at
2026-04-20T11:57:18.894547,776,33328,1,128,logs/match_*.jsonl + matched_at
2026-04-20T11:57:18.894611,777,33480,1,152,logs/match_*.jsonl + matched_at
2026-04-20T12:17:44.815215,778,33516,1,36,logs/match_*.jsonl + matched_at
2026-04-20T12:17:44.815959,779,33552,1,36,logs/match_*.jsonl + matched_at
2026-04-20T12:17:44.816072,780,33604,1,52,logs/match_*.jsonl + matched_at
2026-04-20T12:17:44.816134,781,33644,1,40,logs/match_*.jsonl + matched_at
2026-04-20T12:17:44.816187,782,33768,1,124,logs/match_*.jsonl + matched_at
2026-04-20T12:26:18.840282,783,33804,1,36,logs/match_*.jsonl + matched_at
2026-04-20T12:26:18.841169,784,33840,1,36,logs/match_*.jsonl + matched_at
2026-04-20T12:26:18.841237,785,33876,1,36,logs/match_*.jsonl + matched_at
2026-04-20T13:15:55.652236,786,33944,1,68,logs/match_*.jsonl + matched_at
2026-04-20T13:15:55.652340,787,34096,1,152,logs/match_*.jsonl + matched_at
2026-04-20T13:15:55.652532,788,34316,1,220,logs/match_*.jsonl + matched_at
2026-04-20T13:29:24.759460,789,34356,1,40,logs/match_*.jsonl + matched_at
2026-04-20T13:29:24.759659,790,34396,1,40,logs/match_*.jsonl + matched_at
2026-04-20T13:29:24.759817,791,34436,1,40,logs/match_*.jsonl + matched_at
2026-04-20T13:53:12.605334,792,34476,1,40,logs/match_*.jsonl + matched_at
2026-04-20T14:06:48.677276,793,34520,1,44,logs/match_*.jsonl + matched_at
2026-04-20T14:06:48.678665,794,34568,1,48,logs/match_*.jsonl + matched_at
2026-04-20T14:06:48.678780,795,34632,1,64,logs/match_*.jsonl + matched_at
2026-04-20T14:06:48.678952,796,34704,1,72,logs/match_*.jsonl + matched_at
2026-04-20T14:06:48.679042,797,34784,1,80,logs/match_*.jsonl + matched_at
2026-04-20T14:19:07.635405,798,34828,1,44,logs/match_*.jsonl + matched_at
2026-04-20T14:19:07.636119,799,34872,1,44,logs/match_*.jsonl + matched_at
2026-04-20T14:19:07.636223,800,34928,1,56,logs/match_*.jsonl + matched_at
2026-04-20T14:19:07.636292,801,34992,1,64,logs/match_*.jsonl + matched_at
2026-04-20T14:19:07.636347,802,35060,1,68,logs/match_*.jsonl + matched_at
2026-04-20T14:30:01.191700,803,35104,1,44,logs/match_*.jsonl + matched_at
2026-04-20T14:30:01.192550,804,35164,1,60,logs/match_*.jsonl + matched_at
2026-04-20T14:30:01.192736,805,35216,1,52,logs/match_*.jsonl + matched_at
2026-04-20T14:30:01.192841,806,35292,1,76,logs/match_*.jsonl + matched_at
2026-04-20T14:30:01.192921,807,35416,1,124,logs/match_*.jsonl + matched_at
2026-04-20T14:38:30.369589,808,35460,1,44,logs/match_*.jsonl + matched_at
2026-04-20T14:38:30.371247,809,35520,1,60,logs/match_*.jsonl + matched_at
2026-04-20T14:38:30.371362,810,35584,1,64,logs/match_*.jsonl + matched_at
2026-04-20T14:38:30.371562,811,35660,1,76,logs/match_*.jsonl + matched_at
2026-04-20T14:38:30.371656,812,35784,1,124,logs/match_*.jsonl + matched_at
2026-04-20T15:07:00.980167,813,35828,1,44,logs/match_*.jsonl + matched_at
2026-04-20T15:07:00.981066,814,35916,1,88,logs/match_*.jsonl + matched_at
2026-04-20T15:07:00.981289,815,36040,1,124,logs/match_*.jsonl + matched_at
2026-04-20T15:14:53.156000,816,36084,1,44,logs/match_*.jsonl + matched_at
2026-04-20T15:14:53.157733,817,36112,1,28,logs/match_*.jsonl + matched_at
2026-04-20T15:14:53.157874,818,36236,1,124,logs/match_*.jsonl + matched_at
2026-04-20T15:14:53.157966,819,36396,1,160,logs/match_*.jsonl + matched_at
2026-04-20T15:14:53.158059,820,36676,1,280,logs/match_*.jsonl + matched_at
2026-04-20T15:36:11.712017,821,36720,1,44,logs/match_*.jsonl + matched_at
2026-04-20T15:36:11.713215,822,36764,1,44,logs/match_*.jsonl + matched_at
2026-04-20T15:41:36.749843,823,36812,1,48,logs/match_*.jsonl + matched_at
2026-04-20T15:41:36.751070,824,36860,1,48,logs/match_*.jsonl + matched_at
2026-04-20T15:41:36.751132,825,36912,1,52,logs/match_*.jsonl + matched_at
2026-04-20T15:41:36.751174,826,36940,1,28,logs/match_*.jsonl + matched_at
2026-04-20T15:41:36.751213,827,36968,1,28,logs/match_*.jsonl + matched_at
2026-04-20T16:08:01.852362,828,37016,1,48,logs/match_*.jsonl + matched_at
2026-04-20T16:08:01.853339,829,37088,1,72,logs/match_*.jsonl + matched_at
2026-04-20T16:12:39.048589,830,37136,1,48,logs/match_*.jsonl + matched_at
2026-04-20T16:12:39.050338,831,37200,1,64,logs/match_*.jsonl + matched_at
2026-04-20T16:12:39.050478,832,37288,1,88,logs/match_*.jsonl + matched_at
2026-04-20T16:12:39.050558,833,37412,1,124,logs/match_*.jsonl + matched_at
2026-04-20T16:12:39.050622,834,37572,1,160,logs/match_*.jsonl + matched_at
2026-04-20T16:26:26.101100,835,37620,1,48,logs/match_*.jsonl + matched_at
2026-04-20T17:01:43.639559,836,37668,1,48,logs/match_*.jsonl + matched_at
2026-04-20T17:01:43.641171,837,37704,1,36,logs/match_*.jsonl + matched_at
2026-04-20T17:01:43.641302,838,37828,1,124,logs/match_*.jsonl + matched_at
2026-04-20T17:01:43.641381,839,37988,1,160,logs/match_*.jsonl + matched_at
2026-04-20T17:09:41.019947,840,38036,1,48,logs/match_*.jsonl + matched_at
2026-04-20T17:09:41.020635,841,38076,1,40,logs/match_*.jsonl + matched_at
2026-04-20T17:09:41.020756,842,38132,1,56,logs/match_*.jsonl + matched_at
2026-04-20T17:09:41.020912,843,38200,1,68,logs/match_*.jsonl + matched_at
2026-04-20T17:09:41.020983,844,38276,1,76,logs/match_*.jsonl + matched_at
2026-04-20T17:33:06.635454,845,38324,1,48,logs/match_*.jsonl + matched_at
2026-04-20T17:33:06.636177,846,38352,1,28,logs/match_*.jsonl + matched_at
2026-04-20T17:33:06.636280,847,38432,1,80,logs/match_*.jsonl + matched_at
2026-04-20T17:33:06.636369,848,38524,1,92,logs/match_*.jsonl + matched_at
2026-04-20T17:33:06.636438,849,38616,1,92,logs/match_*.jsonl + matched_at
2026-04-20T17:47:15.467982,850,38664,1,48,logs/match_*.jsonl + matched_at
2026-04-20T17:47:15.468054,851,38712,1,48,logs/match_*.jsonl + matched_at
2026-04-20T17:47:15.468103,852,38760,1,48,logs/match_*.jsonl + matched_at
2026-04-20T17:47:15.468147,853,38808,1,48,logs/match_*.jsonl + matched_at
2026-04-20T18:13:30.731775,854,38856,1,48,logs/match_*.jsonl + matched_at
2026-04-20T18:13:30.732237,855,38908,1,52,logs/match_*.jsonl + matched_at
2026-04-20T18:13:30.732317,856,39016,1,108,logs/match_*.jsonl + matched_at
2026-04-20T18:13:30.732376,857,39140,1,124,logs/match_*.jsonl + matched_at
2026-04-20T18:21:33.077018,858,39188,1,48,logs/match_*.jsonl + matched_at
2026-04-20T18:21:33.077682,859,39264,1,76,logs/match_*.jsonl + matched_at
2026-04-20T18:21:33.077975,860,39312,1,48,logs/match_*.jsonl + matched_at
2026-04-20T18:57:42.124499,861,39364,1,52,logs/match_*.jsonl + matched_at
2026-04-20T18:57:42.125171,862,39416,1,52,logs/match_*.jsonl + matched_at
2026-04-20T19:43:58.856904,863,39468,1,52,logs/match_*.jsonl + matched_at
2026-04-20T19:43:58.857624,864,39580,1,112,logs/match_*.jsonl + matched_at
2026-04-20T19:43:58.857829,865,39704,1,124,logs/match_*.jsonl + matched_at
2026-04-20T19:43:58.857872,866,39836,1,132,logs/match_*.jsonl + matched_at
2026-04-20T20:39:49.623893,867,39888,1,52,logs/match_*.jsonl + matched_at
2026-04-20T20:39:49.624928,868,40004,1,116,logs/match_*.jsonl + matched_at
2026-04-20T20:58:38.415887,869,40056,1,52,logs/match_*.jsonl + matched_at
2026-04-20T20:58:38.416433,870,40156,1,100,logs/match_*.jsonl + matched_at
2026-04-20T20:58:38.416502,871,40256,1,100,logs/match_*.jsonl + matched_at
2026-04-20T20:58:38.416538,872,40380,1,124,logs/match_*.jsonl + matched_at
2026-04-20T22:34:08.724136,873,40432,1,52,logs/match_*.jsonl + matched_at
2026-04-20T22:34:08.724654,874,40556,1,124,logs/match_*.jsonl + matched_at
2026-04-20T22:34:08.724751,875,40684,1,128,logs/match_*.jsonl + matched_at
2026-04-20T22:34:08.724808,876,40864,1,180,logs/match_*.jsonl + matched_at
2026-04-20T22:34:08.724867,877,41144,1,280,logs/match_*.jsonl + matched_at
2026-04-20T22:35:47.400851,878,41196,1,52,logs/match_*.jsonl + matched_at
2026-04-20T22:35:47.401929,879,41248,1,52,logs/match_*.jsonl + matched_at
2026-04-20T22:35:47.402111,880,41300,1,52,logs/match_*.jsonl + matched_at
2026-04-20T22:35:47.402273,881,41352,1,52,logs/match_*.jsonl + matched_at
2026-04-21T01:19:52.547800,882,41404,1,52,logs/match_*.jsonl + matched_at
2026-04-21T01:19:52.548187,883,41444,1,40,logs/match_*.jsonl + matched_at
2026-04-21T01:19:52.548310,884,41516,1,72,logs/match_*.jsonl + matched_at
2026-04-21T01:19:52.548383,885,41640,1,124,logs/match_*.jsonl + matched_at
2026-04-21T01:19:52.548437,886,41776,1,136,logs/match_*.jsonl + matched_at
2026-04-21T01:26:41.389912,887,41828,1,52,logs/match_*.jsonl + matched_at
2026-04-21T01:26:41.391230,888,41856,1,28,logs/match_*.jsonl + matched_at
2026-04-21T01:26:41.391341,889,41896,1,40,logs/match_*.jsonl + matched_at
2026-04-21T01:26:41.391416,890,41972,1,76,logs/match_*.jsonl + matched_at
2026-04-21T01:26:41.391481,891,42072,1,100,logs/match_*.jsonl + matched_at
2026-04-21T01:45:29.138828,892,42128,1,56,logs/match_*.jsonl + matched_at
2026-04-21T01:45:29.139432,893,42200,1,72,logs/match_*.jsonl + matched_at
2026-04-21T01:45:29.139588,894,42276,1,76,logs/match_*.jsonl + matched_at
2026-04-21T01:45:29.139769,895,42380,1,104,logs/match_*.jsonl + matched_at
2026-04-21T01:45:29.139853,896,42528,1,148,logs/match_*.jsonl + matched_at
2026-04-21T02:07:02.537065,897,42584,1,56,logs/match_*.jsonl + matched_at
2026-04-21T02:07:02.537788,898,42708,1,124,logs/match_*.jsonl + matched_at
2026-04-21T02:07:02.537869,899,42868,1,160,logs/match_*.jsonl + matched_at
2026-04-21T02:12:47.763848,900,42924,1,56,logs/match_*.jsonl + matched_at
2026-04-21T02:12:47.765596,901,42960,1,36,logs/match_*.jsonl + matched_at
2026-04-21T02:12:47.765720,902,43000,1,40,logs/match_*.jsonl + matched_at
2026-04-21T02:12:47.765802,903,43056,1,56,logs/match_*.jsonl + matched_at
2026-04-21T02:12:47.765875,904,43120,1,64,logs/match_*.jsonl + matched_at
2026-04-21T02:20:24.590973,905,43176,1,56,logs/match_*.jsonl + matched_at
2026-04-21T02:20:24.592242,906,43208,1,32,logs/match_*.jsonl + matched_at
2026-04-21T02:20:24.592331,907,43248,1,40,logs/match_*.jsonl + matched_at
2026-04-21T02:20:24.592386,908,43308,1,60,logs/match_*.jsonl + matched_at
2026-04-21T02:20:24.592435,909,43376,1,68,logs/match_*.jsonl + matched_at
2026-04-21T02:31:32.387707,910,43432,1,56,logs/match_*.jsonl + matched_at
2026-04-21T02:31:32.388971,911,43528,1,96,logs/match_*.jsonl + matched_at
2026-04-21T02:31:32.389029,912,43700,1,172,logs/match_*.jsonl + matched_at
2026-04-21T02:31:32.389071,913,43756,1,56,logs/match_*.jsonl + matched_at
2026-04-21T02:31:32.389117,914,43812,1,56,logs/match_*.jsonl + matched_at
2026-04-21T02:47:44.789179,915,43868,1,56,logs/match_*.jsonl + matched_at
2026-04-21T02:47:44.790362,916,43944,1,76,logs/match_*.jsonl + matched_at
2026-04-21T02:47:44.790583,917,44040,1,96,logs/match_*.jsonl + matched_at
2026-04-21T03:10:26.182226,918,44100,1,60,logs/match_*.jsonl + matched_at
2026-04-21T03:34:21.833729,919,44160,1,60,logs/match_*.jsonl + matched_at
2026-04-21T03:34:21.834746,920,44216,1,56,logs/match_*.jsonl + matched_at
2026-04-21T04:18:41.206778,921,44276,1,60,logs/match_*.jsonl + matched_at
2026-04-21T04:18:41.207260,922,44304,1,28,logs/match_*.jsonl + matched_at
2026-04-21T04:18:41.207364,923,44340,1,36,logs/match_*.jsonl + matched_at
2026-04-21T04:18:41.207417,924,44456,1,116,logs/match_*.jsonl + matched_at
2026-04-21T04:18:41.207455,925,44516,1,60,logs/match_*.jsonl + matched_at
2026-04-21T05:08:58.578760,926,44592,1,76,logs/match_*.jsonl + matched_at
2026-04-21T05:08:58.578854,927,44668,1,76,logs/match_*.jsonl + matched_at
2026-04-21T05:08:58.578944,928,44792,1,124,logs/match_*.jsonl + matched_at
2026-04-21T05:08:58.579012,929,44952,1,160,logs/match_*.jsonl + matched_at
2026-04-21T05:32:45.813906,930,45012,1,60,logs/match_*.jsonl + matched_at
2026-04-21T05:40:28.059988,931,45040,1,28,logs/match_*.jsonl + matched_at
2026-04-21T05:40:28.060133,932,45080,1,40,logs/match_*.jsonl + matched_at
2026-04-21T05:40:28.060226,933,45140,1,60,logs/match_*.jsonl + matched_at
2026-04-21T05:40:28.060302,934,45216,1,76,logs/match_*.jsonl + matched_at
2026-04-21T05:45:04.224812,935,45264,1,48,logs/match_*.jsonl + matched_at
2026-04-21T05:45:04.224995,936,45312,1,48,logs/match_*.jsonl + matched_at
2026-04-21T05:45:04.225079,937,45400,1,88,logs/match_*.jsonl + matched_at
2026-04-21T05:45:04.225144,938,45500,1,100,logs/match_*.jsonl + matched_at
2026-04-21T05:54:31.322920,939,45560,1,60,logs/match_*.jsonl + matched_at
2026-04-21T05:54:31.323952,940,45636,1,76,logs/match_*.jsonl + matched_at
2026-04-21T05:54:31.324266,941,45696,1,60,logs/match_*.jsonl + matched_at
2026-04-21T06:00:40.721540,942,45732,1,36,logs/match_*.jsonl + matched_at
2026-04-21T06:00:40.721767,943,45772,1,40,logs/match_*.jsonl + matched_at
2026-04-21T06:00:40.721864,944,45844,1,72,logs/match_*.jsonl + matched_at
2026-04-21T06:00:40.721941,945,45920,1,76,logs/match_*.jsonl + matched_at
2026-04-21T06:06:53.648291,946,45948,1,28,logs/match_*.jsonl + matched_at
2026-04-21T06:06:53.648441,947,45988,1,40,logs/match_*.jsonl + matched_at
2026-04-21T06:06:53.648541,948,46064,1,76,logs/match_*.jsonl + matched_at
2026-04-21T06:06:53.648624,949,46164,1,100,logs/match_*.jsonl + matched_at
2026-04-21T06:24:58.314814,950,46204,1,40,logs/match_*.jsonl + matched_at
2026-04-21T06:24:58.314917,951,46252,1,48,logs/match_*.jsonl + matched_at
2026-04-21T06:24:58.314998,952,46352,1,100,logs/match_*.jsonl + matched_at
2026-04-21T06:31:59.283586,953,46408,1,56,logs/match_*.jsonl + matched_at
2026-04-21T06:31:59.283696,954,46508,1,100,logs/match_*.jsonl + matched_at
2026-04-21T06:31:59.283773,955,46608,1,100,logs/match_*.jsonl + matched_at
2026-04-21T06:31:59.283902,956,46752,1,144,logs/match_*.jsonl + matched_at
2026-04-21T06:33:40.323862,957,46808,1,56,logs/match_*.jsonl + matched_at
2026-04-21T06:33:40.323983,958,46908,1,100,logs/match_*.jsonl + matched_at
2026-04-21T06:33:40.324048,959,47008,1,100,logs/match_*.jsonl + matched_at
2026-04-21T06:33:40.324102,960,47152,1,144,logs/match_*.jsonl + matched_at
2026-04-21T06:59:05.206940,961,47216,1,64,logs/match_*.jsonl + matched_at
2026-04-21T06:59:05.207013,962,47280,1,64,logs/match_*.jsonl + matched_at
2026-04-21T07:24:25.262351,963,47392,1,112,logs/match_*.jsonl + matched_at
2026-04-21T07:24:25.262420,964,47516,1,124,logs/match_*.jsonl + matched_at
2026-04-21T07:24:25.262471,965,47700,1,184,logs/match_*.jsonl + matched_at
2026-04-21T07:37:58.682988,966,47764,1,64,logs/match_*.jsonl + matched_at
2026-04-21T07:37:58.683721,967,47860,1,96,logs/match_*.jsonl + matched_at
2026-04-21T07:37:58.683825,968,47960,1,100,logs/match_*.jsonl + matched_at
2026-04-21T07:37:58.683890,969,48072,1,112,logs/match_*.jsonl + matched_at
2026-04-21T07:37:58.683944,970,48196,1,124,logs/match_*.jsonl + matched_at
2026-04-21T07:46:24.279838,971,48260,1,64,logs/match_*.jsonl + matched_at
2026-04-21T07:46:24.280345,972,48288,1,28,logs/match_*.jsonl + matched_at
2026-04-21T07:46:24.280429,973,48316,1,28,logs/match_*.jsonl + matched_at
2026-04-21T07:54:04.212707,974,48344,1,28,logs/match_*.jsonl + matched_at
2026-04-21T07:54:04.213886,975,48372,1,28,logs/match_*.jsonl + matched_at
2026-04-21T07:54:04.214027,976,48400,1,28,logs/match_*.jsonl + matched_at
2026-04-21T07:54:04.214098,977,48428,1,28,logs/match_*.jsonl + matched_at
2026-04-21T07:54:04.214165,978,48460,1,32,logs/match_*.jsonl + matched_at
2026-04-21T08:07:44.137200,979,48488,1,28,logs/match_*.jsonl + matched_at
2026-04-21T08:07:44.138870,980,48568,1,80,logs/match_*.jsonl + matched_at
2026-04-21T08:07:44.139037,981,48688,1,120,logs/match_*.jsonl + matched_at
2026-04-21T08:07:44.139126,982,48808,1,120,logs/match_*.jsonl + matched_at
2026-04-21T08:07:44.139194,983,48932,1,124,logs/match_*.jsonl + matched_at
2026-04-21T08:10:53.476246,984,48960,1,28,logs/match_*.jsonl + matched_at
2026-04-21T08:10:53.477281,985,48988,1,28,logs/match_*.jsonl + matched_at
2026-04-21T08:10:53.477540,986,49016,1,28,logs/match_*.jsonl + matched_at
2026-04-21T08:10:53.477645,987,49044,1,28,logs/match_*.jsonl + matched_at
2026-04-21T08:10:53.477742,988,49108,1,64,logs/match_*.jsonl + matched_at
2026-04-21T08:19:38.914116,989,49136,1,28,logs/match_*.jsonl + matched_at
2026-04-21T08:19:38.915098,990,49164,1,28,logs/match_*.jsonl + matched_at
2026-04-21T08:19:38.915219,991,49196,1,32,logs/match_*.jsonl + matched_at
2026-04-21T08:19:38.915313,992,49260,1,64,logs/match_*.jsonl + matched_at
2026-04-21T08:19:38.915381,993,49328,1,68,logs/match_*.jsonl + matched_at
2026-04-21T08:31:29.603479,994,49356,1,28,logs/match_*.jsonl + matched_at
2026-04-21T08:42:50.765835,995,49384,1,28,logs/match_*.jsonl + matched_at
2026-04-21T08:42:50.767506,996,49412,1,28,logs/match_*.jsonl + matched_at
2026-04-21T08:42:50.767610,997,49444,1,32,logs/match_*.jsonl + matched_at
2026-04-21T08:42:50.767690,998,49504,1,60,logs/match_*.jsonl + matched_at
2026-04-21T08:42:50.767765,999,49572,1,68,logs/match_*.jsonl + matched_at
2026-04-21T08:52:38.951613,1000,49600,1,28,logs/match_*.jsonl + matched_at
2026-04-21T08:52:38.952844,1001,49628,1,28,logs/match_*.jsonl + matched_at
2026-04-21T08:52:38.952963,1002,49656,1,28,logs/match_*.jsonl + matched_at
2026-04-21T08:52:38.953033,1003,49716,1,60,logs/match_*.jsonl + matched_at
2026-04-21T10:45:23.057767,1004,49744,1,28,logs/match_*.jsonl + matched_at
2026-04-21T10:45:23.058224,1005,49856,1,112,logs/match_*.jsonl + matched_at
2026-04-21T10:45:23.058330,1006,49980,1,124,logs/match_*.jsonl + matched_at
2026-04-21T10:45:23.058382,1007,50148,1,168,logs/match_*.jsonl + matched_at
2026-04-21T10:45:23.058430,1008,50320,1,172,logs/match_*.jsonl + matched_at
2026-04-21T10:52:55.948916,1009,50348,1,28,logs/match_*.jsonl + matched_at
2026-04-21T10:52:55.950873,1010,50472,1,124,logs/match_*.jsonl + matched_at
2026-04-21T10:52:55.950968,1011,50600,1,128,logs/match_*.jsonl + matched_at
2026-04-21T10:52:55.951050,1012,50784,1,184,logs/match_*.jsonl + matched_at
2026-04-21T10:52:55.951104,1013,50980,1,196,logs/match_*.jsonl + matched_at
2026-04-21T11:41:37.660004,1014,51008,1,28,logs/match_*.jsonl + matched_at
2026-04-21T11:41:37.661267,1015,51080,1,72,logs/match_*.jsonl + matched_at
2026-04-21T11:41:37.661392,1016,51204,1,124,logs/match_*.jsonl + matched_at
2026-04-21T11:41:37.661466,1017,51336,1,132,logs/match_*.jsonl + matched_at
2026-04-21T11:41:37.661531,1018,51468,1,132,logs/match_*.jsonl + matched_at
2026-04-21T11:50:02.285517,1019,51496,1,28,logs/match_*.jsonl + matched_at
2026-04-21T11:50:02.287921,1020,51620,1,124,logs/match_*.jsonl + matched_at
2026-04-21T11:50:02.288044,1021,51744,1,124,logs/match_*.jsonl + matched_at
2026-04-21T11:50:02.288128,1022,51912,1,168,logs/match_*.jsonl + matched_at
2026-04-21T11:50:02.288206,1023,52116,1,204,logs/match_*.jsonl + matched_at
2026-04-21T12:01:40.512649,1024,52144,1,28,logs/match_*.jsonl + matched_at
2026-04-21T12:01:40.513500,1025,52268,1,124,logs/match_*.jsonl + matched_at
2026-04-21T12:01:40.513632,1026,52396,1,128,logs/match_*.jsonl + matched_at
2026-04-21T12:01:40.513710,1027,52536,1,140,logs/match_*.jsonl + matched_at
2026-04-21T12:01:40.513771,1028,52708,1,172,logs/match_*.jsonl + matched_at
2026-04-21T12:08:17.474441,1029,52736,1,28,logs/match_*.jsonl + matched_at
2026-04-21T12:08:17.476147,1030,52804,1,68,logs/match_*.jsonl + matched_at
2026-04-21T12:08:17.476238,1031,52876,1,72,logs/match_*.jsonl + matched_at
2026-04-21T12:08:17.476387,1032,52952,1,76,logs/match_*.jsonl + matched_at
2026-04-21T12:08:17.476453,1033,53036,1,84,logs/match_*.jsonl + matched_at
2026-04-21T12:15:17.768683,1034,53064,1,28,logs/match_*.jsonl + matched_at
2026-04-21T12:15:17.769519,1035,53100,1,36,logs/match_*.jsonl + matched_at
2026-04-21T12:15:17.769625,1036,53172,1,72,logs/match_*.jsonl + matched_at
2026-04-21T12:15:17.769709,1037,53244,1,72,logs/match_*.jsonl + matched_at
2026-04-21T12:15:17.769785,1038,53328,1,84,logs/match_*.jsonl + matched_at
2026-04-21T12:31:21.332154,1039,53356,1,28,logs/match_*.jsonl + matched_at
2026-04-21T12:31:21.333195,1040,53388,1,32,logs/match_*.jsonl + matched_at
2026-04-21T12:31:21.333300,1041,53424,1,36,logs/match_*.jsonl + matched_at
2026-04-21T12:31:21.333447,1042,53548,1,124,logs/match_*.jsonl + matched_at
2026-04-21T12:41:48.902632,1043,53576,1,28,logs/match_*.jsonl + matched_at
2026-04-21T12:41:48.904002,1044,53644,1,68,logs/match_*.jsonl + matched_at
2026-04-21T12:41:48.904172,1045,53732,1,88,logs/match_*.jsonl + matched_at
2026-04-21T12:41:48.904324,1046,53888,1,156,logs/match_*.jsonl + matched_at
2026-04-21T12:50:38.160735,1047,53916,1,28,logs/match_*.jsonl + matched_at
2026-04-21T12:50:38.162409,1048,53984,1,68,logs/match_*.jsonl + matched_at
2026-04-21T12:50:38.162469,1049,54072,1,88,logs/match_*.jsonl + matched_at
2026-04-21T12:50:38.162557,1050,54228,1,156,logs/match_*.jsonl + matched_at
2026-04-21T12:57:20.755030,1051,54256,1,28,logs/match_*.jsonl + matched_at
2026-04-21T12:57:20.755901,1052,54308,1,52,logs/match_*.jsonl + matched_at
2026-04-21T12:57:20.756038,1053,54364,1,56,logs/match_*.jsonl + matched_at
2026-04-21T12:57:20.756109,1054,54432,1,68,logs/match_*.jsonl + matched_at
2026-04-21T12:57:20.756182,1055,54568,1,136,logs/match_*.jsonl + matched_at
2026-04-21T13:43:02.123128,1056,54596,1,28,logs/match_*.jsonl + matched_at
2026-04-21T13:43:02.123993,1057,54624,1,28,logs/match_*.jsonl + matched_at
2026-04-21T13:43:02.124191,1058,54732,1,108,logs/match_*.jsonl + matched_at
2026-04-21T13:43:02.124242,1059,54844,1,112,logs/match_*.jsonl + matched_at
2026-04-21T13:46:17.860397,1060,54872,1,28,logs/match_*.jsonl + matched_at
2026-04-21T13:46:17.861660,1061,54912,1,40,logs/match_*.jsonl + matched_at
2026-04-21T13:46:17.861724,1062,54988,1,76,logs/match_*.jsonl + matched_at
2026-04-21T13:46:17.861789,1063,55088,1,100,logs/match_*.jsonl + matched_at
2026-04-21T13:46:17.861839,1064,55220,1,132,logs/match_*.jsonl + matched_at
2026-04-21T13:49:29.241545,1065,55252,1,32,logs/match_*.jsonl + matched_at
2026-04-21T13:49:29.242889,1066,55288,1,36,logs/match_*.jsonl + matched_at
2026-04-21T13:49:29.242989,1067,55324,1,36,logs/match_*.jsonl + matched_at
2026-04-21T13:49:29.243059,1068,55368,1,44,logs/match_*.jsonl + matched_at
2026-04-21T13:49:29.243117,1069,55412,1,44,logs/match_*.jsonl + matched_at
2026-04-21T13:59:06.399644,1070,55444,1,32,logs/match_*.jsonl + matched_at
2026-04-21T13:59:06.401144,1071,55520,1,76,logs/match_*.jsonl + matched_at
2026-04-21T13:59:06.401286,1072,55616,1,96,logs/match_*.jsonl + matched_at
2026-04-21T13:59:06.401362,1073,55740,1,124,logs/match_*.jsonl + matched_at
2026-04-21T13:59:06.401417,1074,55900,1,160,logs/match_*.jsonl + matched_at
2026-04-21T14:18:07.532554,1075,55932,1,32,logs/match_*.jsonl + matched_at
2026-04-21T14:18:07.533230,1076,56020,1,88,logs/match_*.jsonl + matched_at
2026-04-21T14:18:07.533347,1077,56280,1,260,logs/match_*.jsonl + matched_at
2026-04-21T14:18:07.533473,1078,56316,1,36,logs/match_*.jsonl + matched_at
2026-04-21T14:26:44.475348,1079,56352,1,36,logs/match_*.jsonl + matched_at
2026-04-21T14:26:44.476123,1080,56388,1,36,logs/match_*.jsonl + matched_at
2026-04-21T14:26:44.476210,1081,56428,1,40,logs/match_*.jsonl + matched_at
2026-04-21T14:26:44.476278,1082,56472,1,44,logs/match_*.jsonl + matched_at
2026-04-21T14:26:44.476346,1083,56552,1,80,logs/match_*.jsonl + matched_at
2026-04-21T14:28:55.648976,1084,56588,1,36,logs/match_*.jsonl + matched_at
2026-04-21T14:28:55.649070,1085,56624,1,36,logs/match_*.jsonl + matched_at
2026-04-21T14:28:55.649150,1086,56660,1,36,logs/match_*.jsonl + matched_at
2026-04-21T14:32:34.008353,1087,56696,1,36,logs/match_*.jsonl + matched_at
2026-04-21T14:32:34.008914,1088,56732,1,36,logs/match_*.jsonl + matched_at
2026-04-21T14:32:34.009005,1089,56772,1,40,logs/match_*.jsonl + matched_at
2026-04-21T14:32:34.009059,1090,56812,1,40,logs/match_*.jsonl + matched_at
2026-04-21T14:32:34.009102,1091,56852,1,40,logs/match_*.jsonl + matched_at
2026-04-21T14:34:21.910266,1092,56888,1,36,logs/match_*.jsonl + matched_at
2026-04-21T14:34:21.911022,1093,56924,1,36,logs/match_*.jsonl + matched_at
2026-04-21T14:34:21.911155,1094,56964,1,40,logs/match_*.jsonl + matched_at
2026-04-21T14:34:21.911239,1095,57004,1,40,logs/match_*.jsonl + matched_at
2026-04-21T14:34:21.911312,1096,57044,1,40,logs/match_*.jsonl + matched_at
2026-04-21T14:40:44.364540,1097,57080,1,36,logs/match_*.jsonl + matched_at
2026-04-21T14:40:44.365985,1098,57120,1,40,logs/match_*.jsonl + matched_at
2026-04-21T14:40:44.366099,1099,57160,1,40,logs/match_*.jsonl + matched_at
2026-04-21T14:40:44.366166,1100,57200,1,40,logs/match_*.jsonl + matched_at
2026-04-21T14:40:44.366234,1101,57268,1,68,logs/match_*.jsonl + matched_at
2026-04-21T14:43:18.895687,1102,57304,1,36,logs/match_*.jsonl + matched_at
2026-04-21T14:43:18.896438,1103,57340,1,36,logs/match_*.jsonl + matched_at
2026-04-21T14:43:18.896628,1104,57376,1,36,logs/match_*.jsonl + matched_at
2026-04-21T14:43:18.896706,1105,57412,1,36,logs/match_*.jsonl + matched_at
2026-04-21T14:43:18.896768,1106,57448,1,36,logs/match_*.jsonl + matched_at
2026-04-21T15:09:13.353776,1107,57484,1,36,logs/match_*.jsonl + matched_at
2026-04-21T15:09:13.355437,1108,57556,1,72,logs/match_*.jsonl + matched_at
2026-04-21T15:09:13.355574,1109,57628,1,72,logs/match_*.jsonl + matched_at
2026-04-21T15:09:13.355650,1110,57716,1,88,logs/match_*.jsonl + matched_at
2026-04-21T15:09:13.355725,1111,57836,1,120,logs/match_*.jsonl + matched_at
2026-04-21T15:14:20.080572,1112,57872,1,36,logs/match_*.jsonl + matched_at
2026-04-21T15:14:20.081232,1113,57948,1,76,logs/match_*.jsonl + matched_at
2026-04-21T15:14:20.081623,1114,57984,1,36,logs/match_*.jsonl + matched_at
2026-04-21T16:16:24.880021,1115,58024,1,40,logs/match_*.jsonl + matched_at
2026-04-21T16:16:24.881323,1116,58064,1,40,logs/match_*.jsonl + matched_at
2026-04-21T16:16:24.881381,1117,58104,1,40,logs/match_*.jsonl + matched_at
2026-04-21T16:16:24.881422,1118,58172,1,68,logs/match_*.jsonl + matched_at
2026-04-21T16:16:24.881469,1119,58300,1,128,logs/match_*.jsonl + matched_at
2026-04-21T16:34:20.701323,1120,58340,1,40,logs/match_*.jsonl + matched_at
2026-04-21T16:34:20.702064,1121,58424,1,84,logs/match_*.jsonl + matched_at
2026-04-21T16:57:24.768900,1122,58464,1,40,logs/match_*.jsonl + matched_at
2026-04-21T16:57:24.770767,1123,58504,1,40,logs/match_*.jsonl + matched_at
2026-04-21T16:57:24.770881,1124,58544,1,40,logs/match_*.jsonl + matched_at
2026-04-21T16:57:24.770955,1125,58596,1,52,logs/match_*.jsonl + matched_at
2026-04-21T16:57:24.771039,1126,58688,1,92,logs/match_*.jsonl + matched_at
2026-04-21T17:23:00.145503,1127,58728,1,40,logs/match_*.jsonl + matched_at
2026-04-21T17:23:00.146950,1128,58796,1,68,logs/match_*.jsonl + matched_at
2026-04-21T17:23:00.147029,1129,58888,1,92,logs/match_*.jsonl + matched_at
2026-04-21T17:49:01.565504,1130,58928,1,40,logs/match_*.jsonl + matched_at
2026-04-21T17:49:01.566573,1131,59052,1,124,logs/match_*.jsonl + matched_at
2026-04-21T17:52:21.302158,1132,59092,1,40,logs/match_*.jsonl + matched_at
2026-04-21T17:52:21.302240,1133,59132,1,40,logs/match_*.jsonl + matched_at
2026-04-21T17:52:21.302312,1134,59172,1,40,logs/match_*.jsonl + matched_at
2026-04-21T17:52:21.302395,1135,59212,1,40,logs/match_*.jsonl + matched_at
2026-04-21T17:55:04.823553,1136,59252,1,40,logs/match_*.jsonl + matched_at
2026-04-21T17:55:04.824188,1137,59292,1,40,logs/match_*.jsonl + matched_at
2026-04-21T17:55:04.824253,1138,59336,1,44,logs/match_*.jsonl + matched_at
2026-04-21T17:55:04.824320,1139,59384,1,48,logs/match_*.jsonl + matched_at
2026-04-21T17:55:04.824388,1140,59432,1,48,logs/match_*.jsonl + matched_at
2026-04-21T18:03:07.749214,1141,59472,1,40,logs/match_*.jsonl + matched_at
2026-04-21T18:03:07.750716,1142,59544,1,72,logs/match_*.jsonl + matched_at
2026-04-21T18:03:07.750794,1143,59620,1,76,logs/match_*.jsonl + matched_at
2026-04-21T18:03:07.750844,1144,59744,1,124,logs/match_*.jsonl + matched_at
2026-04-21T18:03:07.750904,1145,59880,1,136,logs/match_*.jsonl + matched_at
2026-04-21T18:20:44.084994,1146,60160,1,280,logs/match_*.jsonl + matched_at
2026-04-21T18:38:13.336947,1147,60204,1,44,logs/match_*.jsonl + matched_at
2026-04-21T18:38:13.338544,1148,60340,1,136,logs/match_*.jsonl + matched_at
2026-04-21T18:38:13.338702,1149,60484,1,144,logs/match_*.jsonl + matched_at
2026-04-21T18:38:13.338758,1150,60632,1,148,logs/match_*.jsonl + matched_at
2026-04-21T18:38:13.338804,1151,60888,1,256,logs/match_*.jsonl + matched_at
2026-04-21T18:45:45.032149,1152,60932,1,44,logs/match_*.jsonl + matched_at
2026-04-21T18:45:45.033779,1153,60976,1,44,logs/match_*.jsonl + matched_at
2026-04-21T18:45:45.033862,1154,61020,1,44,logs/match_*.jsonl + matched_at
2026-04-21T18:45:45.033915,1155,61068,1,48,logs/match_*.jsonl + matched_at
2026-04-21T18:45:45.033956,1156,61120,1,52,logs/match_*.jsonl + matched_at
2026-04-21T18:53:08.999753,1157,61164,1,44,logs/match_*.jsonl + matched_at
2026-04-21T18:53:09.001175,1158,61208,1,44,logs/match_*.jsonl + matched_at
2026-04-21T18:53:09.001256,1159,61252,1,44,logs/match_*.jsonl + matched_at
2026-04-21T18:53:09.001313,1160,61300,1,48,logs/match_*.jsonl + matched_at
2026-04-21T18:53:09.001368,1161,61360,1,60,logs/match_*.jsonl + matched_at
2026-04-21T19:06:44.783328,1162,61408,1,48,logs/match_*.jsonl + matched_at
2026-04-21T19:06:44.785208,1163,61472,1,64,logs/match_*.jsonl + matched_at
2026-04-21T19:06:44.785312,1164,61540,1,68,logs/match_*.jsonl + matched_at
2026-04-21T19:06:44.785514,1165,61616,1,76,logs/match_*.jsonl + matched_at
2026-04-21T19:06:44.785607,1166,61740,1,124,logs/match_*.jsonl + matched_at
2026-04-21T19:23:22.320113,1167,61788,1,48,logs/match_*.jsonl + matched_at
2026-04-21T19:23:22.321966,1168,61860,1,72,logs/match_*.jsonl + matched_at
2026-04-21T19:23:22.322092,1169,61940,1,80,logs/match_*.jsonl + matched_at
2026-04-21T19:23:22.322206,1170,62024,1,84,logs/match_*.jsonl + matched_at
2026-04-21T19:23:22.322268,1171,62116,1,92,logs/match_*.jsonl + matched_at
2026-04-21T22:27:45.314500,1172,62196,1,80,logs/match_*.jsonl + matched_at
2026-04-22T00:07:47.705841,1173,62204,1,8,logs/match_*.jsonl + matched_at
2026-04-22T00:31:01.039775,1174,62788,1,584,logs/match_*.jsonl + matched_at
2026-04-22T01:06:28.315833,1175,62864,1,76,logs/match_*.jsonl + matched_at
2026-04-22T01:06:28.315874,1176,62988,1,124,logs/match_*.jsonl + matched_at
2026-04-22T01:06:28.315911,1177,63128,1,140,logs/match_*.jsonl + matched_at
2026-04-22T01:16:31.050629,1178,63468,1,340,logs/match_*.jsonl + matched_at
2026-04-22T01:33:34.552707,1179,63488,1,20,logs/match_*.jsonl + matched_at
2026-04-22T01:38:09.681579,1180,63544,1,56,logs/match_*.jsonl + matched_at
2026-04-22T02:51:45.209809,1181,63596,1,52,logs/match_*.jsonl + matched_at
2026-04-22T02:51:45.209988,1182,63684,1,88,logs/match_*.jsonl + matched_at
2026-04-22T02:51:45.210041,1183,63796,1,112,logs/match_*.jsonl + matched_at
2026-04-22T02:51:45.210081,1184,63920,1,124,logs/match_*.jsonl + matched_at
2026-04-22T02:51:45.210126,1185,64044,1,124,logs/match_*.jsonl + matched_at
2026-04-22T03:06:55.644304,1186,64096,1,52,logs/match_*.jsonl + matched_at
2026-04-22T03:06:55.644430,1187,64172,1,76,logs/match_*.jsonl + matched_at
2026-04-22T03:06:55.644477,1188,64292,1,120,logs/match_*.jsonl + matched_at
2026-04-22T03:06:55.644511,1189,64416,1,124,logs/match_*.jsonl + matched_at
2026-04-22T03:06:55.644547,1190,64540,1,124,logs/match_*.jsonl + matched_at
2026-04-22T03:25:40.870363,1191,64592,1,52,logs/match_*.jsonl + matched_at
2026-04-22T03:25:40.870411,1192,64644,1,52,logs/match_*.jsonl + matched_at
2026-04-22T03:25:40.870451,1193,64696,1,52,logs/match_*.jsonl + matched_at
2026-04-22T03:36:09.853615,1194,64748,1,52,logs/match_*.jsonl + matched_at
2026-04-22T03:36:09.853744,1195,64820,1,72,logs/match_*.jsonl + matched_at
2026-04-22T03:36:09.853796,1196,64900,1,80,logs/match_*.jsonl + matched_at
2026-04-22T03:36:09.853846,1197,64988,1,88,logs/match_*.jsonl + matched_at
2026-04-22T03:36:09.853886,1198,65124,1,136,logs/match_*.jsonl + matched_at
2026-04-22T03:45:54.177334,1199,65196,1,72,logs/match_*.jsonl + matched_at
2026-04-22T03:45:54.177377,1200,65320,1,124,logs/match_*.jsonl + matched_at
2026-04-22T03:45:54.177415,1201,65448,1,128,logs/match_*.jsonl + matched_at
2026-04-22T04:06:27.710053,1202,65504,1,56,logs/match_*.jsonl + matched_at
2026-04-22T04:06:27.710207,1203,65624,1,120,logs/match_*.jsonl + matched_at
2026-04-22T04:06:27.710493,1204,65756,1,132,logs/match_*.jsonl + matched_at
2026-04-22T04:06:27.710560,1205,65952,1,196,logs/match_*.jsonl + matched_at
2026-04-22T04:25:11.266549,1206,66008,1,56,logs/match_*.jsonl + matched_at
2026-04-22T04:25:11.266663,1207,66088,1,80,logs/match_*.jsonl + matched_at
2026-04-22T04:25:11.266720,1208,66184,1,96,logs/match_*.jsonl + matched_at
2026-04-22T04:25:11.266759,1209,66284,1,100,logs/match_*.jsonl + matched_at
2026-04-22T04:25:11.266797,1210,66408,1,124,logs/match_*.jsonl + matched_at
2026-04-22T04:43:29.107943,1211,66464,1,56,logs/match_*.jsonl + matched_at
2026-04-22T04:43:29.108126,1212,66540,1,76,logs/match_*.jsonl + matched_at
2026-04-22T04:43:29.108164,1213,66596,1,56,logs/match_*.jsonl + matched_at
2026-04-22T04:43:29.108201,1214,66652,1,56,logs/match_*.jsonl + matched_at
2026-04-22T04:52:08.817099,1215,66712,1,60,logs/match_*.jsonl + matched_at
2026-04-22T04:52:08.817224,1216,66796,1,84,logs/match_*.jsonl + matched_at
2026-04-22T04:52:08.817268,1217,66880,1,84,logs/match_*.jsonl + matched_at
2026-04-22T04:52:08.817306,1218,66964,1,84,logs/match_*.jsonl + matched_at
2026-04-22T04:52:08.817343,1219,67024,1,60,logs/match_*.jsonl + matched_at
2026-04-22T05:00:07.315858,1220,67084,1,60,logs/match_*.jsonl + matched_at
2026-04-22T05:00:07.316010,1221,67160,1,76,logs/match_*.jsonl + matched_at
2026-04-22T05:00:07.316053,1222,67284,1,124,logs/match_*.jsonl + matched_at
2026-04-22T05:00:07.316092,1223,67408,1,124,logs/match_*.jsonl + matched_at
2026-04-22T05:00:07.316121,1224,67584,1,176,logs/match_*.jsonl + matched_at
2026-04-22T05:28:03.538236,1225,67644,1,60,logs/match_*.jsonl + matched_at
2026-04-22T05:28:03.538360,1226,67736,1,92,logs/match_*.jsonl + matched_at
2026-04-22T05:28:03.538444,1227,67840,1,104,logs/match_*.jsonl + matched_at
2026-04-22T05:28:03.538484,1228,67956,1,116,logs/match_*.jsonl + matched_at
2026-04-22T05:50:58.065394,1229,68016,1,60,logs/match_*.jsonl + matched_at
2026-04-22T05:50:58.065542,1230,68112,1,96,logs/match_*.jsonl + matched_at
2026-04-22T05:50:58.065578,1231,68212,1,100,logs/match_*.jsonl + matched_at
2026-04-22T05:50:58.065648,1232,68336,1,124,logs/match_*.jsonl + matched_at
2026-04-22T06:08:52.555481,1233,68396,1,60,logs/match_*.jsonl + matched_at
2026-04-22T06:08:52.555678,1234,68460,1,64,logs/match_*.jsonl + matched_at
2026-04-22T06:08:52.555783,1235,68600,1,140,logs/match_*.jsonl + matched_at
2026-04-22T06:08:52.555816,1236,68820,1,220,logs/match_*.jsonl + matched_at
2026-04-22T06:25:49.625151,1237,68884,1,64,logs/match_*.jsonl + matched_at
2026-04-22T06:25:49.625310,1238,68980,1,96,logs/match_*.jsonl + matched_at
2026-04-22T06:25:49.625359,1239,69080,1,100,logs/match_*.jsonl + matched_at
2026-04-22T06:25:49.625402,1240,69224,1,144,logs/match_*.jsonl + matched_at
2026-04-22T06:25:49.625433,1241,69384,1,160,logs/match_*.jsonl + matched_at
2026-04-22T06:40:32.897336,1242,69448,1,64,logs/match_*.jsonl + matched_at
2026-04-22T06:40:32.897460,1243,69536,1,88,logs/match_*.jsonl + matched_at
2026-04-22T06:40:32.897540,1244,69660,1,124,logs/match_*.jsonl + matched_at
2026-04-22T06:40:32.897575,1245,69788,1,128,logs/match_*.jsonl + matched_at
2026-04-22T06:58:12.649884,1246,69852,1,64,logs/match_*.jsonl + matched_at
2026-04-22T06:58:12.650024,1247,69920,1,68,logs/match_*.jsonl + matched_at
2026-04-22T06:58:12.650123,1248,69988,1,68,logs/match_*.jsonl + matched_at
2026-04-22T06:58:12.650166,1249,70056,1,68,logs/match_*.jsonl + matched_at
2026-04-22T07:08:32.405679,1250,70124,1,68,logs/match_*.jsonl + matched_at
2026-04-22T07:08:32.405813,1251,70228,1,104,logs/match_*.jsonl + matched_at
2026-04-22T07:08:32.405862,1252,70352,1,124,logs/match_*.jsonl + matched_at
2026-04-22T07:08:32.405899,1253,70488,1,136,logs/match_*.jsonl + matched_at
2026-04-22T07:08:32.405939,1254,70684,1,196,logs/match_*.jsonl + matched_at
2026-04-22T07:12:20.925036,1255,70752,1,68,logs/match_*.jsonl + matched_at
2026-04-22T07:12:20.925151,1256,70840,1,88,logs/match_*.jsonl + matched_at
2026-04-22T07:12:20.925200,1257,70964,1,124,logs/match_*.jsonl + matched_at
2026-04-22T07:12:20.925237,1258,71100,1,136,logs/match_*.jsonl + matched_at
2026-04-22T07:12:20.925276,1259,71268,1,168,logs/match_*.jsonl + matched_at
2026-04-22T07:32:31.679322,1260,71336,1,68,logs/match_*.jsonl + matched_at
2026-04-22T07:32:31.679448,1261,71460,1,124,logs/match_*.jsonl + matched_at
2026-04-22T07:32:31.679493,1262,71588,1,128,logs/match_*.jsonl + matched_at
2026-04-22T07:32:31.679565,1263,71812,1,224,logs/match_*.jsonl + matched_at
2026-04-22T08:00:47.547504,1264,71880,1,68,logs/match_*.jsonl + matched_at
2026-04-22T08:00:47.547660,1265,71956,1,76,logs/match_*.jsonl + matched_at
2026-04-22T08:00:47.547947,1266,72072,1,116,logs/match_*.jsonl + matched_at
2026-04-22T08:00:47.548023,1267,72196,1,124,logs/match_*.jsonl + matched_at
2026-04-22T08:18:07.147103,1268,72264,1,68,logs/match_*.jsonl + matched_at
2026-04-22T08:18:07.147390,1269,72388,1,124,logs/match_*.jsonl + matched_at
2026-04-22T08:18:07.147436,1270,72572,1,184,logs/match_*.jsonl + matched_at
2026-04-22T08:18:07.147487,1271,72852,1,280,logs/match_*.jsonl + matched_at
2026-04-22T08:58:17.413986,1272,72928,1,76,logs/match_*.jsonl + matched_at
2026-04-22T08:58:17.414037,1273,72996,1,68,logs/match_*.jsonl + matched_at
2026-04-22T08:58:17.414095,1274,73064,1,68,logs/match_*.jsonl + matched_at
2026-04-22T08:58:17.414131,1275,73132,1,68,logs/match_*.jsonl + matched_at
2026-04-22T09:36:49.358331,1276,73200,1,68,logs/match_*.jsonl + matched_at
2026-04-22T09:36:49.358525,1277,73272,1,72,logs/match_*.jsonl + matched_at
2026-04-22T09:36:49.358570,1278,73344,1,72,logs/match_*.jsonl + matched_at
2026-04-22T09:36:49.358613,1279,73416,1,72,logs/match_*.jsonl + matched_at
2026-04-22T10:03:46.978178,1280,73492,1,76,logs/match_*.jsonl + matched_at
2026-04-22T10:03:46.978274,1281,73572,1,80,logs/match_*.jsonl + matched_at
2026-04-22T10:03:46.978317,1282,73660,1,88,logs/match_*.jsonl + matched_at
2026-04-22T10:20:31.723240,1283,73732,1,72,logs/match_*.jsonl + matched_at
2026-04-22T10:20:31.723368,1284,73856,1,124,logs/match_*.jsonl + matched_at
2026-04-22T10:20:31.723422,1285,73996,1,140,logs/match_*.jsonl + matched_at
2026-04-22T10:20:31.723456,1286,74140,1,144,logs/match_*.jsonl + matched_at
2026-04-22T10:20:31.723489,1287,74340,1,200,logs/match_*.jsonl + matched_at
2026-04-22T12:55:21.550131,1288,74508,1,168,logs/match_*.jsonl + matched_at
2026-04-22T13:37:04.620980,1289,74544,1,36,logs/match_*.jsonl + matched_at
2026-04-22T13:37:04.621102,1290,74708,1,164,logs/match_*.jsonl + matched_at
2026-04-22T13:37:04.621186,1291,75048,1,340,logs/match_*.jsonl + matched_at
2026-04-22T13:37:04.621230,1292,75396,1,348,logs/match_*.jsonl + matched_at
2026-04-22T14:19:34.928183,1293,75496,1,100,logs/match_*.jsonl + matched_at
2026-04-22T14:19:34.928267,1294,75620,1,124,logs/match_*.jsonl + matched_at
2026-04-22T14:34:27.793703,1295,75720,1,100,logs/match_*.jsonl + matched_at
2026-04-22T14:34:27.793747,1296,75844,1,124,logs/match_*.jsonl + matched_at
2026-04-22T14:34:27.793786,1297,75968,1,124,logs/match_*.jsonl + matched_at
2026-04-22T14:56:03.790044,1298,76040,1,72,logs/match_*.jsonl + matched_at
2026-04-22T14:56:03.790155,1299,76140,1,100,logs/match_*.jsonl + matched_at
2026-04-22T14:56:03.790247,1300,76264,1,124,logs/match_*.jsonl + matched_at
2026-04-22T15:18:53.162116,1301,76336,1,72,logs/match_*.jsonl + matched_at
2026-04-22T15:18:53.162264,1302,76412,1,76,logs/match_*.jsonl + matched_at
2026-04-22T15:18:53.162315,1303,76492,1,80,logs/match_*.jsonl + matched_at
2026-04-22T15:18:53.162355,1304,76592,1,100,logs/match_*.jsonl + matched_at
2026-04-22T15:33:20.944657,1305,76664,1,72,logs/match_*.jsonl + matched_at
2026-04-22T15:33:20.944787,1306,76748,1,84,logs/match_*.jsonl + matched_at
2026-04-22T15:33:20.944844,1307,76872,1,124,logs/match_*.jsonl + matched_at
2026-04-22T15:33:20.944886,1308,77016,1,144,logs/match_*.jsonl + matched_at
2026-04-22T15:33:20.944927,1309,77164,1,148,logs/match_*.jsonl + matched_at
2026-04-22T16:47:37.419519,1310,77236,1,72,logs/match_*.jsonl + matched_at
2026-04-22T16:47:37.419613,1311,77496,1,260,logs/match_*.jsonl + matched_at
2026-04-22T16:47:37.419694,1312,77568,1,72,logs/match_*.jsonl + matched_at
2026-04-22T16:47:37.419731,1313,77640,1,72,logs/match_*.jsonl + matched_at
2026-04-22T17:00:58.567341,1314,77712,1,72,logs/match_*.jsonl + matched_at
2026-04-22T17:00:58.567483,1315,77812,1,100,logs/match_*.jsonl + matched_at
2026-04-22T17:00:58.567525,1316,77936,1,124,logs/match_*.jsonl + matched_at
2026-04-22T17:00:58.567564,1317,78072,1,136,logs/match_*.jsonl + matched_at
2026-04-22T17:46:43.134028,1318,78144,1,72,logs/match_*.jsonl + matched_at
2026-04-22T17:46:43.134153,1319,78232,1,88,logs/match_*.jsonl + matched_at
2026-04-22T17:46:43.134197,1320,78352,1,120,logs/match_*.jsonl + matched_at
2026-04-22T17:46:43.134230,1321,78612,1,260,logs/match_*.jsonl + matched_at
2026-04-22T18:08:40.484597,1322,78688,1,76,logs/match_*.jsonl + matched_at
2026-04-22T18:08:40.484723,1323,78772,1,84,logs/match_*.jsonl + matched_at
2026-04-22T18:08:40.484780,1324,78856,1,84,logs/match_*.jsonl + matched_at
2026-04-22T18:08:40.484817,1325,78948,1,92,logs/match_*.jsonl + matched_at
2026-04-22T18:21:17.120059,1326,79024,1,76,logs/match_*.jsonl + matched_at
2026-04-22T18:21:17.120210,1327,79104,1,80,logs/match_*.jsonl + matched_at
2026-04-22T18:21:17.120557,1328,79192,1,88,logs/match_*.jsonl + matched_at
2026-04-22T18:21:17.120637,1329,79316,1,124,logs/match_*.jsonl + matched_at
2026-04-22T18:21:17.120695,1330,79468,1,152,logs/match_*.jsonl + matched_at
2026-04-22T18:35:29.605343,1331,79544,1,76,logs/match_*.jsonl + matched_at
2026-04-22T18:35:29.605520,1332,79620,1,76,logs/match_*.jsonl + matched_at
2026-04-22T18:35:29.605578,1333,79696,1,76,logs/match_*.jsonl + matched_at
2026-04-22T18:35:29.605664,1334,79780,1,84,logs/match_*.jsonl + matched_at
2026-04-22T18:42:32.009921,1335,79856,1,76,logs/match_*.jsonl + matched_at
2026-04-22T18:42:32.010036,1336,79956,1,100,logs/match_*.jsonl + matched_at
2026-04-22T18:42:32.010082,1337,80056,1,100,logs/match_*.jsonl + matched_at
2026-04-22T18:42:32.010119,1338,80172,1,116,logs/match_*.jsonl + matched_at
2026-04-22T18:42:32.010153,1339,80304,1,132,logs/match_*.jsonl + matched_at
2026-04-22T18:59:58.942412,1340,80380,1,76,logs/match_*.jsonl + matched_at
2026-04-22T18:59:58.942571,1341,80504,1,124,logs/match_*.jsonl + matched_at
2026-04-22T18:59:58.942841,1342,80640,1,136,logs/match_*.jsonl + matched_at
2026-04-22T18:59:58.942928,1343,80860,1,220,logs/match_*.jsonl + matched_at
2026-04-22T19:24:10.916274,1344,80936,1,76,logs/match_*.jsonl + matched_at
2026-04-22T19:24:10.916404,1345,81060,1,124,logs/match_*.jsonl + matched_at
2026-04-22T19:24:10.916461,1346,81212,1,152,logs/match_*.jsonl + matched_at
2026-04-22T19:24:10.916498,1347,81412,1,200,logs/match_*.jsonl + matched_at
2026-04-22T19:24:10.916531,1348,81620,1,208,logs/match_*.jsonl + matched_at
2026-04-22T20:09:47.587020,1349,81696,1,76,logs/match_*.jsonl + matched_at
2026-04-22T20:09:47.587194,1350,81872,1,176,logs/match_*.jsonl + matched_at
2026-04-22T20:09:47.587472,1351,82084,1,212,logs/match_*.jsonl + matched_at
2026-04-22T20:09:47.587522,1352,82160,1,76,logs/match_*.jsonl + matched_at
2026-04-22T20:09:47.587562,1353,82236,1,76,logs/match_*.jsonl + matched_at
2026-04-24T17:38:34.486251,1354,82260,1,24,logs/match_*.jsonl + matched_at
2026-04-24T17:43:18.909899,1355,82288,1,28,logs/match_*.jsonl + matched_at
2026-04-24T17:47:17.378617,1356,82332,1,44,logs/match_*.jsonl + matched_at
2026-04-24T17:50:53.335323,1357,82376,1,44,logs/match_*.jsonl + matched_at
2026-04-24T21:52:41.872999,1358,82668,1,292,logs/match_*.jsonl + matched_at
2026-04-24T22:27:47.197238,1359,82820,1,152,logs/match_*.jsonl + matched_at
2026-04-24T22:27:47.197321,1360,83004,1,184,logs/match_*.jsonl + matched_at
2026-04-24T22:52:30.799187,1361,83140,1,136,logs/match_*.jsonl + matched_at
2026-04-24T22:52:30.799229,1362,83296,1,156,logs/match_*.jsonl + matched_at
2026-04-24T22:52:30.799260,1363,83464,1,168,logs/match_*.jsonl + matched_at
2026-04-24T23:16:24.176376,1364,83548,1,84,logs/match_*.jsonl + matched_at
2026-04-25T00:04:14.303630,1365,83696,1,148,logs/match_*.jsonl + matched_at
2026-04-25T01:07:51.525059,1366,83888,1,192,logs/match_*.jsonl + matched_at
2026-04-25T02:32:27.721277,1367,84016,1,128,logs/match_*.jsonl + matched_at
2026-04-25T02:32:27.721346,1368,84200,1,184,logs/match_*.jsonl + matched_at
2026-04-25T02:39:20.936168,1369,84616,1,416,logs/match_*.jsonl + matched_at
2026-04-25T02:46:40.350137,1370,84828,1,212,logs/match_*.jsonl + matched_at
2026-04-25T02:54:13.659135,1371,85048,1,220,logs/match_*.jsonl + matched_at
2026-04-25T02:59:15.229412,1372,85268,1,220,logs/match_*.jsonl + matched_at
2026-04-25T03:36:39.181698,1373,85404,1,136,logs/match_*.jsonl + matched_at
2026-04-25T03:36:39.181757,1374,85556,1,152,logs/match_*.jsonl + matched_at
2026-04-25T03:36:39.181794,1375,85732,1,176,logs/match_*.jsonl + matched_at
2026-04-25T03:47:05.791161,1376,85884,1,152,logs/match_*.jsonl + matched_at
2026-04-25T03:47:05.791278,1377,86084,1,200,logs/match_*.jsonl + matched_at
2026-04-25T04:14:35.129163,1378,86236,1,152,logs/match_*.jsonl + matched_at
2026-04-25T04:14:35.129461,1379,86388,1,152,logs/match_*.jsonl + matched_at
2026-04-25T04:14:35.129498,1380,86608,1,220,logs/match_*.jsonl + matched_at
2026-04-25T04:42:01.505638,1381,86760,1,152,logs/match_*.jsonl + matched_at
2026-04-25T04:42:01.505694,1382,86912,1,152,logs/match_*.jsonl + matched_at
2026-04-25T04:42:01.505728,1383,87132,1,220,logs/match_*.jsonl + matched_at
2026-04-25T14:34:30.228674,1384,87412,1,280,logs/match_*.jsonl + matched_at
2026-04-25T20:09:10,1385,87440,1,28,logs/match_*.jsonl + matched_at
2026-04-25T20:10:44,1386,87468,1,28,logs/match_*.jsonl + matched_at
2026-04-25T20:21:42,1387,87496,1,28,logs/match_*.jsonl + matched_at
2026-04-25T20:23:47,1388,87524,1,28,logs/match_*.jsonl + matched_at
2026-04-25T20:28:50,1389,87552,1,28,logs/match_*.jsonl + matched_at
2026-04-25T21:18:23.798602,1390,87580,1,28,logs/match_*.jsonl + matched_at
2026-04-25T21:18:36.778602,1391,87608,1,28,logs/match_*.jsonl + matched_at
2026-04-25T21:21:42.976865,1392,87636,1,28,logs/match_*.jsonl + matched_at
2026-04-25T21:23:25.791386,1393,87664,1,28,logs/match_*.jsonl + matched_at
2026-04-26T01:47:21,1394,87692,1,28,logs/match_*.jsonl + matched_at
2026-04-26T01:47:48,1395,87720,1,28,logs/match_*.jsonl + matched_at
2026-04-26T01:48:19,1396,87748,1,28,logs/match_*.jsonl + matched_at
2026-04-26T01:49:41,1397,87776,1,28,logs/match_*.jsonl + matched_at
2026-04-26T01:50:13,1398,87804,1,28,logs/match_*.jsonl + matched_at
2026-04-26T02:03:35.145142,1399,87848,1,44,logs/match_*.jsonl + matched_at
2026-04-26T02:03:35.145280,1400,87876,1,28,logs/match_*.jsonl + matched_at
2026-04-26T02:05:57,1401,87920,1,44,logs/match_*.jsonl + matched_at
2026-04-26T02:05:57.631337,1402,87968,1,48,logs/match_*.jsonl + matched_at
2026-04-26T02:06:19.418977,1403,87996,1,28,logs/match_*.jsonl + matched_at
2026-04-26T02:06:19.419259,1404,88024,1,28,logs/match_*.jsonl + matched_at
2026-04-26T02:06:19.419310,1405,88052,1,28,logs/match_*.jsonl + matched_at
2026-04-26T02:06:19.419377,1406,88080,1,28,logs/match_*.jsonl + matched_at
2026-04-26T02:06:19.419434,1407,88108,1,28,logs/match_*.jsonl + matched_at
2026-04-26T02:06:44,1412,88248,5,140,logs/match_*.jsonl + matched_at
2026-04-26T02:07:20.533160,1413,88276,1,28,logs/match_*.jsonl + matched_at
2026-04-26T02:07:20.533467,1414,88304,1,28,logs/match_*.jsonl + matched_at
2026-04-26T02:07:20.533509,1415,88332,1,28,logs/match_*.jsonl + matched_at
2026-04-26T02:07:20.533553,1416,88360,1,28,logs/match_*.jsonl + matched_at
2026-04-26T02:07:20.533620,1417,88388,1,28,logs/match_*.jsonl + matched_at
2026-04-26T02:11:51,1422,88612,5,224,logs/match_*.jsonl + matched_at
2026-04-26T02:13:34,1427,88808,5,196,logs/match_*.jsonl + matched_at
2026-04-26T02:13:51,1428,88864,1,56,logs/match_*.jsonl + matched_at
2026-04-26T02:14:55,1433,89032,5,168,logs/match_*.jsonl + matched_at
2026-04-26T02:16:06,1438,89228,5,196,logs/match_*.jsonl + matched_at
2026-04-26T02:16:41,1442,89368,4,140,logs/match_*.jsonl + matched_at
2026-04-26T02:18:13,1447,89620,5,252,logs/match_*.jsonl + matched_at
2026-04-26T02:19:44,1452,89788,5,168,logs/match_*.jsonl + matched_at
2026-04-26T02:23:31,1457,90020,5,232,logs/match_*.jsonl + matched_at
2026-04-26T02:23:55.866644,1458,90076,1,56,logs/match_*.jsonl + matched_at
2026-04-26T02:23:55.866734,1459,90112,1,36,logs/match_*.jsonl + matched_at
2026-04-26T02:23:55.866808,1460,90148,1,36,logs/match_*.jsonl + matched_at
2026-04-26T02:24:22,1464,90316,4,168,logs/match_*.jsonl + matched_at
2026-04-26T02:25:33,1469,90512,5,196,logs/match_*.jsonl + matched_at
2026-04-26T02:25:35.159550,1470,90568,1,56,logs/match_*.jsonl + matched_at
2026-04-26T02:25:35.159608,1471,90612,1,44,logs/match_*.jsonl + matched_at
2026-04-26T02:25:35.159647,1472,90656,1,44,logs/match_*.jsonl + matched_at
2026-04-26T02:25:35.159708,1473,90700,1,44,logs/match_*.jsonl + matched_at
2026-04-26T02:27:20,1478,90908,5,208,logs/match_*.jsonl + matched_at
2026-04-26T02:28:44,1483,91076,5,168,logs/match_*.jsonl + matched_at
2026-04-26T02:30:44.589170,1484,91120,1,44,logs/match_*.jsonl + matched_at
2026-04-26T02:32:27,1489,91348,5,228,logs/match_*.jsonl + matched_at
2026-04-26T02:33:30.560315,1490,91396,1,48,logs/match_*.jsonl + matched_at
2026-04-26T02:33:30.560677,1491,91444,1,48,logs/match_*.jsonl + matched_at
2026-04-26T02:33:30.560717,1492,91492,1,48,logs/match_*.jsonl + matched_at
2026-04-26T02:33:30.560750,1493,91540,1,48,logs/match_*.jsonl + matched_at
2026-04-26T02:35:35.610911,1494,91596,1,56,logs/match_*.jsonl + matched_at
2026-04-26T02:35:35.610954,1495,91652,1,56,logs/match_*.jsonl + matched_at
2026-04-26T02:35:35.611018,1496,91700,1,48,logs/match_*.jsonl + matched_at
2026-04-26T02:36:29,1501,91900,5,200,logs/match_*.jsonl + matched_at
2026-04-26T02:42:02.032835,1502,91948,1,48,logs/match_*.jsonl + matched_at
2026-04-26T02:42:02.032866,1503,92000,1,52,logs/match_*.jsonl + matched_at
2026-04-26T02:42:02.032898,1504,92052,1,52,logs/match_*.jsonl + matched_at
2026-04-26T02:52:02,1509,92292,5,240,logs/match_*.jsonl + matched_at
2026-04-26T02:54:54,1513,92472,4,180,logs/match_*.jsonl + matched_at
2026-04-26T02:58:46,1518,92728,5,256,logs/match_*.jsonl + matched_at
2026-04-26T03:04:10.137087,1519,92780,1,52,logs/match_*.jsonl + matched_at
2026-04-26T03:04:10.137129,1520,92832,1,52,logs/match_*.jsonl + matched_at
2026-04-26T03:04:10.137169,1521,92884,1,52,logs/match_*.jsonl + matched_at
2026-04-26T03:07:33,1526,93144,5,260,logs/match_*.jsonl + matched_at
2026-04-26T03:11:16,1531,93404,5,260,logs/match_*.jsonl + matched_at
2026-04-26T03:13:36.914801,1532,93456,1,52,logs/match_*.jsonl + matched_at
2026-04-26T03:13:36.914847,1533,93512,1,56,logs/match_*.jsonl + matched_at
2026-04-26T03:13:36.914879,1534,93572,1,60,logs/match_*.jsonl + matched_at
2026-04-26T03:13:36.914910,1535,93636,1,64,logs/match_*.jsonl + matched_at
2026-04-26T03:13:36.914939,1536,93700,1,64,logs/match_*.jsonl + matched_at
2026-04-26T03:14:14,1541,93972,5,272,logs/match_*.jsonl + matched_at
2026-04-26T03:20:33,1545,94196,4,224,logs/match_*.jsonl + matched_at
2026-04-26T03:25:57,1550,94480,5,284,logs/match_*.jsonl + matched_at
2026-04-26T03:31:09,1554,94720,4,240,logs/match_*.jsonl + matched_at
2026-04-26T03:37:59,1559,95028,5,308,logs/match_*.jsonl + matched_at
2026-04-26T03:49:43,1564,95348,5,320,logs/match_*.jsonl + matched_at
2026-04-26T03:53:50,1565,95412,1,64,logs/match_*.jsonl + matched_at
2026-04-26T03:59:24,1567,95540,2,128,logs/match_*.jsonl + matched_at
2026-04-26T14:08:04,1568,95592,1,52,logs/match_*.jsonl + matched_at
2026-04-26T14:10:02,1571,95732,3,140,logs/match_*.jsonl + matched_at
2026-04-26T14:14:40,1573,95844,2,112,logs/match_*.jsonl + matched_at
2026-04-26T14:14:46,1575,95940,2,96,logs/match_*.jsonl + matched_at
2026-04-26T14:15:40.705708,1576,95980,1,40,logs/match_*.jsonl + matched_at
2026-04-26T14:24:11,1578,96064,2,84,logs/match_*.jsonl + matched_at
2026-04-26T14:27:07,1579,96096,1,32,logs/match_*.jsonl + matched_at
2026-04-26T14:30:47.761012,1580,96144,1,48,logs/match_*.jsonl + matched_at
2026-04-26T14:30:47.761075,1581,96204,1,60,logs/match_*.jsonl + matched_at
2026-04-26T14:33:45.530164,1582,96252,1,48,logs/match_*.jsonl + matched_at
2026-04-26T14:33:45.530210,1583,96312,1,60,logs/match_*.jsonl + matched_at
2026-04-26T14:33:45.530248,1584,96372,1,60,logs/match_*.jsonl + matched_at
2026-04-26T14:35:06.765543,1585,96428,1,56,logs/match_*.jsonl + matched_at
2026-04-26T14:35:06.765680,1586,96456,1,28,logs/match_*.jsonl + matched_at
2026-04-26T14:37:41,1590,96616,4,160,logs/match_*.jsonl + matched_at
2026-04-26T14:38:38,1591,96660,1,44,logs/match_*.jsonl + matched_at
2026-04-26T14:43:13,1593,96756,2,96,logs/match_*.jsonl + matched_at
2026-04-26T14:47:11.739807,1594,96792,1,36,logs/match_*.jsonl + matched_at
2026-04-26T14:47:11.739855,1595,96836,1,44,logs/match_*.jsonl + matched_at
2026-04-26T14:47:11.739926,1596,96872,1,36,logs/match_*.jsonl + matched_at
2026-04-26T14:47:11.739960,1597,96908,1,36,logs/match_*.jsonl + matched_at
2026-04-26T14:50:01,1601,97140,4,232,logs/match_*.jsonl + matched_at
2026-04-26T14:52:23.030422,1602,97180,1,40,logs/match_*.jsonl + matched_at
2026-04-26T14:52:23.030466,1603,97220,1,40,logs/match_*.jsonl + matched_at
2026-04-26T14:52:23.030536,1604,97268,1,48,logs/match_*.jsonl + matched_at
2026-04-26T14:52:23.030571,1605,97320,1,52,logs/match_*.jsonl + matched_at
2026-04-26T14:54:15,1607,97424,2,104,logs/match_*.jsonl + matched_at
2026-04-26T14:58:56.669747,1608,97476,1,52,logs/match_*.jsonl + matched_at
2026-04-26T14:58:56.669794,1609,97528,1,52,logs/match_*.jsonl + matched_at
2026-04-26T14:58:56.669833,1610,97580,1,52,logs/match_*.jsonl + matched_at
2026-04-26T14:58:56.669898,1611,97632,1,52,logs/match_*.jsonl + matched_at
2026-04-26T15:00:54,1612,97696,1,64,logs/match_*.jsonl + matched_at
2026-04-26T15:06:39,1613,97752,1,56,logs/match_*.jsonl + matched_at
2026-04-26T15:12:08,1615,97880,2,128,logs/match_*.jsonl + matched_at
2026-04-26T15:13:11.544349,1616,97944,1,64,logs/match_*.jsonl + matched_at
2026-04-26T15:13:11.544379,1617,98008,1,64,logs/match_*.jsonl + matched_at
2026-04-26T17:29:32,1618,98084,1,76,logs/match_*.jsonl + matched_at
2026-04-26T17:54:49,1621,98504,3,420,logs/match_*.jsonl + matched_at
2026-04-26T18:04:01,1623,98704,2,200,logs/match_*.jsonl + matched_at
2026-04-26T18:15:04,1625,99008,2,304,logs/match_*.jsonl + matched_at
2026-04-26T18:18:15,1627,99272,2,264,logs/match_*.jsonl + matched_at
2026-04-26T18:28:10,1630,99660,3,388,logs/match_*.jsonl + matched_at
2026-04-26T18:32:29,1633,99924,3,264,logs/match_*.jsonl + matched_at
2026-04-26T18:34:37,1636,100188,3,264,logs/match_*.jsonl + matched_at
2026-04-26T18:39:24,1638,100388,2,200,logs/match_*.jsonl + matched_at
2026-04-26T18:51:30,1640,100648,2,260,logs/match_*.jsonl + matched_at
2026-04-26T19:17:43,1644,101020,4,372,logs/match_*.jsonl + matched_at
2026-04-26T19:18:01,1648,101408,4,388,logs/match_*.jsonl + matched_at
2026-04-26T19:25:32,1652,101680,4,272,logs/match_*.jsonl + matched_at
2026-04-26T19:32:05,1657,102040,5,360,logs/match_*.jsonl + matched_at
2026-04-26T19:50:49,1660,102348,3,308,logs/match_*.jsonl + matched_at
2026-04-26T20:13:43,1664,102756,4,408,logs/match_*.jsonl + matched_at
2026-04-26T20:25:28,1666,102988,2,232,logs/match_*.jsonl + matched_at
2026-04-26T20:28:20,1670,103396,4,408,logs/match_*.jsonl + matched_at
2026-04-26T20:39:23,1674,104004,4,608,logs/match_*.jsonl + matched_at
2026-04-26T21:57:28,1676,104136,2,132,logs/match_*.jsonl + matched_at
2026-04-26T21:57:31,1678,104268,2,132,logs/match_*.jsonl + matched_at
2026-04-26T21:59:13,1680,104468,2,200,logs/match_*.jsonl + matched_at
2026-04-26T22:00:23,1682,104668,2,200,logs/match_*.jsonl + matched_at
2026-04-26T22:05:40,1684,104868,2,200,logs/match_*.jsonl + matched_at
2026-04-26T22:09:46,1687,105168,3,300,logs/match_*.jsonl + matched_at
2026-04-26T22:12:37,1689,105408,2,240,logs/match_*.jsonl + matched_at
2026-04-26T22:17:56,1692,105800,3,392,logs/match_*.jsonl + matched_at
2026-04-26T22:23:53,1695,106068,3,268,logs/match_*.jsonl + matched_at
2026-04-26T22:26:37,1696,106220,1,152,logs/match_*.jsonl + matched_at
2026-04-26T22:27:30,1699,106540,3,320,logs/match_*.jsonl + matched_at
2026-04-26T22:31:21,1702,106832,3,292,logs/match_*.jsonl + matched_at
2026-04-26T22:31:42,1705,107116,3,284,logs/match_*.jsonl + matched_at
2026-04-26T22:33:15,1708,107396,3,280,logs/match_*.jsonl + matched_at
2026-04-26T22:33:57,1711,107676,3,280,logs/match_*.jsonl + matched_at
2026-04-26T22:36:26,1714,107972,3,296,logs/match_*.jsonl + matched_at
2026-04-26T22:37:41,1717,108360,3,388,logs/match_*.jsonl + matched_at
2026-04-26T22:40:36,1720,108748,3,388,logs/match_*.jsonl + matched_at
2026-04-26T22:41:31,1723,109136,3,388,logs/match_*.jsonl + matched_at
2026-04-26T22:44:21,1726,109524,3,388,logs/match_*.jsonl + matched_at
2026-04-26T22:44:29,1729,109912,3,388,logs/match_*.jsonl + matched_at
2026-04-26T22:47:38,1732,110300,3,388,logs/match_*.jsonl + matched_at
2026-04-26T22:47:45,1735,110688,3,388,logs/match_*.jsonl + matched_at
2026-04-26T22:51:25,1738,111076,3,388,logs/match_*.jsonl + matched_at
2026-04-26T22:51:36,1741,111464,3,388,logs/match_*.jsonl + matched_at
2026-04-26T22:55:27,1744,111852,3,388,logs/match_*.jsonl + matched_at
2026-04-26T22:55:57,1747,112240,3,388,logs/match_*.jsonl + matched_at
2026-04-26T22:58:30,1750,112628,3,388,logs/match_*.jsonl + matched_at
2026-04-26T23:00:18,1753,113016,3,388,logs/match_*.jsonl + matched_at
2026-04-26T23:00:22,1756,113404,3,388,logs/match_*.jsonl + matched_at
2026-04-26T23:02:55,1759,113792,3,388,logs/match_*.jsonl + matched_at
2026-04-26T23:04:44,1762,114180,3,388,logs/match_*.jsonl + matched_at
2026-04-26T23:07:11,1765,114568,3,388,logs/match_*.jsonl + matched_at
2026-04-26T23:07:59,1768,114956,3,388,logs/match_*.jsonl + matched_at
2026-04-26T23:10:13,1771,115344,3,388,logs/match_*.jsonl + matched_at
2026-04-26T23:11:35,1774,115732,3,388,logs/match_*.jsonl + matched_at
2026-04-26T23:13:25,1777,116068,3,336,logs/match_*.jsonl + matched_at
2026-04-26T23:24:07,1779,116356,2,288,logs/match_*.jsonl + matched_at
2026-04-26T23:35:48,1781,116508,2,152,logs/match_*.jsonl + matched_at
2026-04-26T23:49:28,1783,116708,2,200,logs/match_*.jsonl + matched_at
2026-04-26T23:57:01,1784,116784,1,76,logs/match_*.jsonl + matched_at
2026-04-26T23:58:23,1787,117088,3,304,logs/match_*.jsonl + matched_at
2026-04-27T00:03:45,1790,117476,3,388,logs/match_*.jsonl + matched_at
2026-04-27T00:06:13,1793,117772,3,296,logs/match_*.jsonl + matched_at
2026-04-27T00:14:26,1796,118096,3,324,logs/match_*.jsonl + matched_at
2026-04-27T00:15:54,1799,118420,3,324,logs/match_*.jsonl + matched_at
2026-04-27T00:25:08,1802,118744,3,324,logs/match_*.jsonl + matched_at
2026-04-27T00:29:15,1804,118944,2,200,logs/match_*.jsonl + matched_at
2026-04-27T00:29:47,1807,119268,3,324,logs/match_*.jsonl + matched_at
2026-04-27T00:36:00,1810,119592,3,324,logs/match_*.jsonl + matched_at
2026-04-27T00:36:14,1813,119916,3,324,logs/match_*.jsonl + matched_at
2026-04-27T00:37:46,1816,120304,3,388,logs/match_*.jsonl + matched_at
2026-04-27T00:37:47,1819,120692,3,388,logs/match_*.jsonl + matched_at
2026-04-27T00:39:27,1822,121080,3,388,logs/match_*.jsonl + matched_at
2026-04-27T00:39:31,1825,121416,3,336,logs/match_*.jsonl + matched_at
2026-04-27T00:52:40,1828,121740,3,324,logs/match_*.jsonl + matched_at
2026-04-27T01:15:39,1830,121940,2,200,logs/match_*.jsonl + matched_at
2026-04-27T01:24:40,1832,122140,2,200,logs/match_*.jsonl + matched_at
2026-04-27T01:34:19,1834,122340,2,200,logs/match_*.jsonl + matched_at
2026-04-27T01:36:41,1836,122540,2,200,logs/match_*.jsonl + matched_at
2026-04-27T01:50:19,1838,122740,2,200,logs/match_*.jsonl + matched_at
2026-04-27T01:59:03,1840,122940,2,200,logs/match_*.jsonl + matched_at
2026-04-27T02:11:49,1842,123140,2,200,logs/match_*.jsonl + matched_at
2026-04-27T02:13:11,1844,123340,2,200,logs/match_*.jsonl + matched_at
2026-04-27T02:22:57,1846,123540,2,200,logs/match_*.jsonl + matched_at
2026-04-27T02:26:33,1848,123740,2,200,logs/match_*.jsonl + matched_at
2026-04-27T02:46:19,1850,123940,2,200,logs/match_*.jsonl + matched_at
2026-04-27T02:52:13,1852,124140,2,200,logs/match_*.jsonl + matched_at
2026-04-27T03:15:29,1854,124340,2,200,logs/match_*.jsonl + matched_at
2026-04-27T03:16:20,1856,124540,2,200,logs/match_*.jsonl + matched_at
2026-04-27T03:18:47,1859,124936,3,396,logs/match_*.jsonl + matched_at
2026-04-27T03:25:41,1861,125088,2,152,logs/match_*.jsonl + matched_at
2026-04-27T03:40:27,1863,125288,2,200,logs/match_*.jsonl + matched_at
2026-04-27T03:50:36,1865,125488,2,200,logs/match_*.jsonl + matched_at
2026-04-27T04:11:30,1867,125660,2,172,logs/match_*.jsonl + matched_at
2026-04-27T04:12:40,1869,125948,2,288,logs/match_*.jsonl + matched_at
2026-04-27T04:23:18,1871,126148,2,200,logs/match_*.jsonl + matched_at
2026-04-27T04:30:32,1873,126348,2,200,logs/match_*.jsonl + matched_at
2026-04-27T04:37:06,1876,126672,3,324,logs/match_*.jsonl + matched_at
2026-04-27T04:40:50,1878,126872,2,200,logs/match_*.jsonl + matched_at
2026-04-27T04:41:08,1881,127196,3,324,logs/match_*.jsonl + matched_at
2026-04-27T04:47:32,1884,127560,3,364,logs/match_*.jsonl + matched_at
2026-04-27T04:49:38,1886,127760,2,200,logs/match_*.jsonl + matched_at
2026-04-27T05:03:56,1888,127960,2,200,logs/match_*.jsonl + matched_at
2026-04-27T05:24:45,1890,128160,2,200,logs/match_*.jsonl + matched_at
2026-04-27T05:30:37,1893,128484,3,324,logs/match_*.jsonl + matched_at
2026-04-27T05:37:31,1894,128560,1,76,logs/match_*.jsonl + matched_at
2026-04-27T05:42:14,1897,128884,3,324,logs/match_*.jsonl + matched_at
2026-04-27T05:48:17,1900,129208,3,324,logs/match_*.jsonl + matched_at
2026-04-27T06:00:36,1902,129408,2,200,logs/match_*.jsonl + matched_at
2026-04-27T06:02:46,1905,129744,3,336,logs/match_*.jsonl + matched_at
2026-04-27T06:14:11,1907,129944,2,200,logs/match_*.jsonl + matched_at
2026-04-27T06:15:18,1909,130144,2,200,logs/match_*.jsonl + matched_at
2026-04-27T06:16:47,1912,130480,3,336,logs/match_*.jsonl + matched_at
2026-04-27T06:24:11,1915,130804,3,324,logs/match_*.jsonl + matched_at
2026-04-27T06:33:11,1917,131004,2,200,logs/match_*.jsonl + matched_at
2026-04-27T06:35:51,1920,131340,3,336,logs/match_*.jsonl + matched_at
2026-04-27T06:41:29,1922,131540,2,200,logs/match_*.jsonl + matched_at
2026-04-27T06:44:35,1925,131876,3,336,logs/match_*.jsonl + matched_at
2026-04-27T06:48:15,1927,132076,2,200,logs/match_*.jsonl + matched_at
2026-04-27T06:49:45,1930,132384,3,308,logs/match_*.jsonl + matched_at
2026-04-27T06:54:05,1933,132800,3,416,logs/match_*.jsonl + matched_at
2026-04-27T07:07:30,1935,133028,2,228,logs/match_*.jsonl + matched_at
2026-04-27T07:13:06,1937,133180,2,152,logs/match_*.jsonl + matched_at
2026-04-27T07:28:19,1939,133372,2,192,logs/match_*.jsonl + matched_at
2026-04-27T07:40:52,1942,133708,3,336,logs/match_*.jsonl + matched_at
2026-04-27T07:56:25,1944,133908,2,200,logs/match_*.jsonl + matched_at
2026-04-27T08:02:34,1946,134060,2,152,logs/match_*.jsonl + matched_at
2026-04-27T08:18:25,1949,134468,3,408,logs/match_*.jsonl + matched_at
2026-04-27T08:20:32,1950,134544,1,76,logs/match_*.jsonl + matched_at
2026-04-27T08:22:36,1953,134932,3,388,logs/match_*.jsonl + matched_at
2026-04-27T08:34:29,1956,135172,3,240,logs/match_*.jsonl + matched_at
2026-04-27T08:44:54,1959,135436,3,264,logs/match_*.jsonl + matched_at
2026-04-27T09:08:05,1960,135512,1,76,logs/match_*.jsonl + matched_at
2026-04-27T09:09:56,1963,135744,3,232,logs/match_*.jsonl + matched_at
2026-04-27T09:12:46,1965,135900,2,156,logs/match_*.jsonl + matched_at
2026-04-27T09:27:01,1967,136052,2,152,logs/match_*.jsonl + matched_at
2026-04-27T09:31:18,1970,136528,3,476,logs/match_*.jsonl + matched_at
2026-04-27T09:34:07,1972,136680,2,152,logs/match_*.jsonl + matched_at
2026-04-27T09:47:01,1975,137008,3,328,logs/match_*.jsonl + matched_at
2026-04-27T09:56:46,1977,137176,2,168,logs/match_*.jsonl + matched_at
2026-04-27T10:06:35,1979,137412,2,236,logs/match_*.jsonl + matched_at
2026-04-27T10:50:37,1982,137724,3,312,logs/match_*.jsonl + matched_at
2026-04-27T10:50:48,1985,137996,3,272,logs/match_*.jsonl + matched_at
2026-04-27T11:06:53,1987,138172,2,176,logs/match_*.jsonl + matched_at
2026-04-27T11:14:10,1990,138508,3,336,logs/match_*.jsonl + matched_at
2026-04-27T11:18:19,1993,138788,3,280,logs/match_*.jsonl + matched_at
2026-04-27T11:20:05,1996,139172,3,384,logs/match_*.jsonl + matched_at
2026-04-27T11:39:53,1997,139260,1,88,logs/match_*.jsonl + matched_at
2026-04-27T11:41:11,2000,139644,3,384,logs/match_*.jsonl + matched_at
2026-04-27T11:41:11.078492,2001,139732,1,88,logs/match_*.jsonl + matched_at
2026-04-27T11:41:11.078541,2002,139856,1,124,logs/match_*.jsonl + matched_at
2026-04-27T11:47:38,2005,140192,3,336,logs/match_*.jsonl + matched_at
2026-04-27T11:48:13,2008,140544,3,352,logs/match_*.jsonl + matched_at
2026-04-27T11:51:14,2011,140892,3,348,logs/match_*.jsonl + matched_at
2026-04-27T11:52:22,2014,141240,3,348,logs/match_*.jsonl + matched_at
2026-04-27T11:56:35,2017,141652,3,412,logs/match_*.jsonl + matched_at
2026-04-27T12:00:30,2020,142096,3,444,logs/match_*.jsonl + matched_at
2026-04-27T12:08:11,2022,142348,2,252,logs/match_*.jsonl + matched_at
2026-04-27T12:24:21,2024,142584,2,236,logs/match_*.jsonl + matched_at
2026-04-27T12:36:28,2027,142892,3,308,logs/match_*.jsonl + matched_at
2026-04-27T12:36:33,2029,143048,2,156,logs/match_*.jsonl + matched_at
2026-04-27T12:38:01,2032,143432,3,384,logs/match_*.jsonl + matched_at
2026-04-27T12:41:44,2035,143808,3,376,logs/match_*.jsonl + matched_at
2026-04-27T13:01:03,2037,144036,2,228,logs/match_*.jsonl + matched_at
2026-04-27T13:02:38,2039,144344,2,308,logs/match_*.jsonl + matched_at
2026-04-27T13:07:54,2042,144692,3,348,logs/match_*.jsonl + matched_at
2026-04-27T13:07:59,2045,145008,3,316,logs/match_*.jsonl + matched_at
2026-04-27T13:13:05,2047,145232,2,224,logs/match_*.jsonl + matched_at
2026-04-27T13:17:32,2050,145528,3,296,logs/match_*.jsonl + matched_at
2026-04-27T13:22:40,2053,145896,3,368,logs/match_*.jsonl + matched_at
2026-04-27T13:28:01,2055,146124,2,228,logs/match_*.jsonl + matched_at
2026-04-27T13:34:22,2056,146264,1,140,logs/match_*.jsonl + matched_at
2026-04-27T14:00:38,2058,146488,2,224,logs/match_*.jsonl + matched_at
2026-04-27T14:14:44,2060,146712,2,224,logs/match_*.jsonl + matched_at
2026-04-27T14:15:58,2062,146936,2,224,logs/match_*.jsonl + matched_at
2026-04-27T14:18:51,2064,147176,2,240,logs/match_*.jsonl + matched_at
2026-04-27T14:19:24,2066,147416,2,240,logs/match_*.jsonl + matched_at
2026-04-27T14:20:47,2068,147656,2,240,logs/match_*.jsonl + matched_at
2026-04-27T14:25:06,2070,147896,2,240,logs/match_*.jsonl + matched_at
2026-04-27T14:26:57,2073,148220,3,324,logs/match_*.jsonl + matched_at
2026-04-27T14:39:18,2074,148344,1,124,logs/match_*.jsonl + matched_at
2026-04-27T14:43:20,2076,148560,2,216,logs/match_*.jsonl + matched_at
2026-04-27T15:08:07,2078,148748,2,188,logs/match_*.jsonl + matched_at
2026-04-27T15:10:48,2081,149092,3,344,logs/match_*.jsonl + matched_at
2026-04-27T15:13:41,2084,149412,3,320,logs/match_*.jsonl + matched_at
2026-04-27T15:18:15,2087,149704,3,292,logs/match_*.jsonl + matched_at
2026-04-27T15:21:45,2089,150024,2,320,logs/match_*.jsonl + matched_at
2026-04-27T15:23:20,2092,150332,3,308,logs/match_*.jsonl + matched_at
2026-04-27T15:28:02,2095,150624,3,292,logs/match_*.jsonl + matched_at
2026-04-27T15:33:19,2098,150948,3,324,logs/match_*.jsonl + matched_at
2026-04-27T15:33:42,2100,151196,2,248,logs/match_*.jsonl + matched_at
2026-04-27T15:40:07,2103,151544,3,348,logs/match_*.jsonl + matched_at
2026-04-27T15:43:15,2106,151904,3,360,logs/match_*.jsonl + matched_at
2026-04-27T15:44:02,2109,152332,3,428,logs/match_*.jsonl + matched_at
2026-04-27T15:49:17,2112,152724,3,392,logs/match_*.jsonl + matched_at
2026-04-27T15:49:18,2115,153044,3,320,logs/match_*.jsonl + matched_at
2026-04-27T15:52:09,2117,153332,2,288,logs/match_*.jsonl + matched_at
2026-04-27T15:56:32,2120,153640,3,308,logs/match_*.jsonl + matched_at
2026-04-27T16:00:23,2123,154036,3,396,logs/match_*.jsonl + matched_at
2026-04-27T16:04:30,2126,154384,3,348,logs/match_*.jsonl + matched_at
2026-04-27T16:06:24,2128,154668,2,284,logs/match_*.jsonl + matched_at
2026-04-27T16:11:55,2131,155148,3,480,logs/match_*.jsonl + matched_at
2026-04-27T16:35:06,2132,155280,1,132,logs/match_*.jsonl + matched_at
2026-04-27T16:36:33,2134,155504,2,224,logs/match_*.jsonl + matched_at
2026-04-27T16:54:28,2136,155900,2,396,logs/match_*.jsonl + matched_at
2026-04-27T17:08:13,2139,156248,3,348,logs/match_*.jsonl + matched_at
2026-04-27T17:11:37,2141,156568,2,320,logs/match_*.jsonl + matched_at
2026-04-27T17:16:44,2144,156964,3,396,logs/match_*.jsonl + matched_at
2026-04-27T17:34:46,2146,157224,2,260,logs/match_*.jsonl + matched_at
2026-04-27T17:38:03,2149,157608,3,384,logs/match_*.jsonl + matched_at
2026-04-27T17:38:17,2151,157820,2,212,logs/match_*.jsonl + matched_at
2026-04-27T17:54:38,2152,157980,1,160,logs/match_*.jsonl + matched_at
2026-04-27T18:05:22,2153,158140,1,160,logs/match_*.jsonl + matched_at
2026-04-27T18:08:54,2154,158240,1,100,logs/match_*.jsonl + matched_at
2026-04-27T18:31:45,2156,158472,2,232,logs/match_*.jsonl + matched_at
2026-04-27T18:58:51,2158,158700,2,228,logs/match_*.jsonl + matched_at
2026-04-27T19:00:42,2159,158836,1,136,logs/match_*.jsonl + matched_at
2026-04-27T23:42:53,2161,159036,2,200,logs/match_*.jsonl + matched_at
2026-04-27T23:44:59,2163,159280,2,244,logs/match_*.jsonl + matched_at
2026-04-27T23:46:51,2165,159524,2,244,logs/match_*.jsonl + matched_at
2026-04-27T23:47:36,2167,159768,2,244,logs/match_*.jsonl + matched_at
2026-04-27T23:49:21,2169,160012,2,244,logs/match_*.jsonl + matched_at
2026-04-27T23:52:46,2171,160256,2,244,logs/match_*.jsonl + matched_at
2026-04-27T23:53:24,2173,160500,2,244,logs/match_*.jsonl + matched_at
2026-04-27T23:54:42,2175,160752,2,252,logs/match_*.jsonl + matched_at
2026-04-27T23:56:37,2177,161000,2,248,logs/match_*.jsonl + matched_at
2026-04-28T00:00:05,2179,161248,2,248,logs/match_*.jsonl + matched_at
2026-04-28T00:00:31,2181,161472,2,224,logs/match_*.jsonl + matched_at
2026-04-28T00:04:00,2183,161720,2,248,logs/match_*.jsonl + matched_at
2026-04-28T00:10:47,2184,161820,1,100,logs/match_*.jsonl + matched_at
2026-04-28T00:18:51,2185,161920,1,100,logs/match_*.jsonl + matched_at
2026-04-28T00:23:48,2186,162020,1,100,logs/match_*.jsonl + matched_at
2026-04-28T00:24:38,2188,162264,2,244,logs/match_*.jsonl + matched_at
2026-04-28T00:38:22,2189,162364,1,100,logs/match_*.jsonl + matched_at
2026-04-28T00:39:31,2191,162564,2,200,logs/match_*.jsonl + matched_at
2026-04-28T00:42:07,2193,162800,2,236,logs/match_*.jsonl + matched_at
2026-04-28T00:49:12,2194,162932,1,132,logs/match_*.jsonl + matched_at
2026-04-28T01:07:00,2195,163032,1,100,logs/match_*.jsonl + matched_at
2026-04-28T01:17:55,2197,163300,2,268,logs/match_*.jsonl + matched_at
2026-04-28T01:22:18,2198,163400,1,100,logs/match_*.jsonl + matched_at
2026-04-28T01:24:33,2200,163692,2,292,logs/match_*.jsonl + matched_at
2026-04-28T01:25:21,2202,163900,2,208,logs/match_*.jsonl + matched_at
2026-04-28T01:26:55,2204,164100,2,200,logs/match_*.jsonl + matched_at
2026-04-28T01:29:06,2205,164184,1,84,logs/match_*.jsonl + matched_at
2026-04-28T01:33:41,2207,164384,2,200,logs/match_*.jsonl + matched_at
2026-04-28T01:37:22,2209,164628,2,244,logs/match_*.jsonl + matched_at
2026-04-28T01:46:49,2210,164760,1,132,logs/match_*.jsonl + matched_at
2026-04-28T02:22:09,2211,164860,1,100,logs/match_*.jsonl + matched_at
2026-04-28T02:36:28,2212,164960,1,100,logs/match_*.jsonl + matched_at
2026-04-28T02:36:49,2213,165060,1,100,logs/match_*.jsonl + matched_at
2026-04-28T02:38:53,2215,165284,2,224,logs/match_*.jsonl + matched_at
2026-04-28T02:39:17,2217,165508,2,224,logs/match_*.jsonl + matched_at
2026-04-28T02:42:03,2219,165768,2,260,logs/match_*.jsonl + matched_at
2026-04-28T02:44:13,2221,165968,2,200,logs/match_*.jsonl + matched_at
2026-04-28T02:53:33,2222,166068,1,100,logs/match_*.jsonl + matched_at
2026-04-28T03:10:12,2223,166176,1,108,logs/match_*.jsonl + matched_at
2026-04-28T03:10:50,2224,166276,1,100,logs/match_*.jsonl + matched_at
2026-04-28T03:12:47,2226,166504,2,228,logs/match_*.jsonl + matched_at
2026-04-28T03:23:25,2228,166784,2,280,logs/match_*.jsonl + matched_at
2026-04-28T03:26:58,2230,166992,2,208,logs/match_*.jsonl + matched_at
2026-04-28T03:31:37,2232,167200,2,208,logs/match_*.jsonl + matched_at
2026-04-28T03:33:14,2234,167408,2,208,logs/match_*.jsonl + matched_at
2026-04-28T03:35:49,2236,167616,2,208,logs/match_*.jsonl + matched_at
2026-04-28T03:40:19,2238,167848,2,232,logs/match_*.jsonl + matched_at
2026-04-28T03:42:37,2240,168152,2,304,logs/match_*.jsonl + matched_at
2026-04-28T03:44:25,2242,168384,2,232,logs/match_*.jsonl + matched_at
2026-04-28T03:46:02,2244,168616,2,232,logs/match_*.jsonl + matched_at
2026-04-28T03:46:53,2246,168848,2,232,logs/match_*.jsonl + matched_at
2026-04-28T03:52:00,2248,169084,2,236,logs/match_*.jsonl + matched_at
2026-04-28T04:03:16,2249,169208,1,124,logs/match_*.jsonl + matched_at
2026-04-28T04:06:17,2251,169440,2,232,logs/match_*.jsonl + matched_at
2026-04-28T04:09:22,2253,169672,2,232,logs/match_*.jsonl + matched_at
2026-04-28T04:12:48,2255,169860,2,188,logs/match_*.jsonl + matched_at
2026-04-28T04:16:59,2257,170052,2,192,logs/match_*.jsonl + matched_at
2026-04-28T04:24:10,2259,170240,2,188,logs/match_*.jsonl + matched_at
2026-04-28T04:27:56,2261,170428,2,188,logs/match_*.jsonl + matched_at
2026-04-28T04:31:07,2263,170588,2,160,logs/match_*.jsonl + matched_at
2026-04-28T04:35:38,2265,170792,2,204,logs/match_*.jsonl + matched_at
2026-04-28T04:39:55,2267,170992,2,200,logs/match_*.jsonl + matched_at
2026-04-28T04:40:54,2268,171072,1,80,logs/match_*.jsonl + matched_at
2026-04-28T04:43:05,2270,171232,2,160,logs/match_*.jsonl + matched_at
2026-04-28T04:44:17,2272,171432,2,200,logs/match_*.jsonl + matched_at
2026-04-28T04:46:13,2274,171592,2,160,logs/match_*.jsonl + matched_at
2026-04-28T04:46:16,2275,171672,1,80,logs/match_*.jsonl + matched_at
2026-04-28T04:50:14,2277,171832,2,160,logs/match_*.jsonl + matched_at
2026-04-28T05:13:12,2279,172120,2,288,logs/match_*.jsonl + matched_at
2026-04-28T05:16:16,2280,172228,1,108,logs/match_*.jsonl + matched_at
2026-04-28T05:16:20,2282,172464,2,236,logs/match_*.jsonl + matched_at
2026-04-28T05:19:23,2284,172700,2,236,logs/match_*.jsonl + matched_at
2026-04-28T05:19:29,2286,172936,2,236,logs/match_*.jsonl + matched_at
2026-04-28T05:24:17,2288,173172,2,236,logs/match_*.jsonl + matched_at
2026-04-28T05:28:00,2290,173408,2,236,logs/match_*.jsonl + matched_at
2026-04-28T05:44:25,2291,173616,1,208,logs/match_*.jsonl + matched_at
2026-04-28T05:48:38,2292,173728,1,112,logs/match_*.jsonl + matched_at
2026-04-28T05:48:54,2294,173964,2,236,logs/match_*.jsonl + matched_at
2026-04-28T05:54:49,2296,174200,2,236,logs/match_*.jsonl + matched_at
2026-04-28T05:56:59,2298,174464,2,264,logs/match_*.jsonl + matched_at
2026-04-28T05:59:03,2300,174728,2,264,logs/match_*.jsonl + matched_at
2026-04-28T06:01:30,2302,174996,2,268,logs/match_*.jsonl + matched_at
2026-04-28T06:03:20,2304,175264,2,268,logs/match_*.jsonl + matched_at
2026-04-28T06:07:03,2306,175528,2,264,logs/match_*.jsonl + matched_at
2026-04-28T06:09:33,2308,175796,2,268,logs/match_*.jsonl + matched_at
2026-04-28T06:12:22,2310,176032,2,236,logs/match_*.jsonl + matched_at
2026-04-28T06:13:59,2312,176268,2,236,logs/match_*.jsonl + matched_at
2026-04-28T06:15:32,2314,176540,2,272,logs/match_*.jsonl + matched_at
2026-04-28T06:17:05,2316,176800,2,260,logs/match_*.jsonl + matched_at
2026-04-28T06:18:29,2318,177060,2,260,logs/match_*.jsonl + matched_at
2026-04-28T06:19:30,2320,177320,2,260,logs/match_*.jsonl + matched_at
2026-04-28T06:21:01,2322,177584,2,264,logs/match_*.jsonl + matched_at
2026-04-28T06:23:51,2324,177864,2,280,logs/match_*.jsonl + matched_at
2026-04-28T06:26:25,2326,178108,2,244,logs/match_*.jsonl + matched_at
2026-04-28T06:38:57,2328,178352,2,244,logs/match_*.jsonl + matched_at
2026-04-28T06:44:53,2329,178524,1,172,logs/match_*.jsonl + matched_at
2026-04-28T06:49:00,2331,178768,2,244,logs/match_*.jsonl + matched_at
2026-04-28T06:50:09,2333,179108,2,340,logs/match_*.jsonl + matched_at
2026-04-28T07:00:19,2335,179424,2,316,logs/match_*.jsonl + matched_at
2026-04-28T07:08:01,2337,179736,2,312,logs/match_*.jsonl + matched_at
2026-04-28T07:11:48,2339,180080,2,344,logs/match_*.jsonl + matched_at
2026-04-28T07:12:36,2341,180392,2,312,logs/match_*.jsonl + matched_at
2026-04-28T07:15:15,2343,180632,2,240,logs/match_*.jsonl + matched_at
2026-04-28T07:32:51,2344,180756,1,124,logs/match_*.jsonl + matched_at
2026-04-28T07:36:39,2346,181008,2,252,logs/match_*.jsonl + matched_at
2026-04-28T07:39:53,2348,181280,2,272,logs/match_*.jsonl + matched_at
2026-04-28T07:48:42,2350,181528,2,248,logs/match_*.jsonl + matched_at
2026-04-28T09:38:19,2352,181836,2,308,logs/match_*.jsonl + matched_at
2026-04-28T09:44:24,2354,182084,2,248,logs/match_*.jsonl + matched_at
2026-04-28T09:48:07,2356,182316,2,232,logs/match_*.jsonl + matched_at
2026-04-28T09:53:01,2358,182564,2,248,logs/match_*.jsonl + matched_at
2026-04-28T10:00:20,2360,182812,2,248,logs/match_*.jsonl + matched_at
2026-04-28T10:07:57,2362,183060,2,248,logs/match_*.jsonl + matched_at
2026-04-28T10:11:47,2364,183308,2,248,logs/match_*.jsonl + matched_at
2026-04-28T10:16:10,2366,183556,2,248,logs/match_*.jsonl + matched_at
2026-04-28T10:34:45,2367,183680,1,124,logs/match_*.jsonl + matched_at
2026-04-28T10:39:44,2368,183868,1,188,logs/match_*.jsonl + matched_at
2026-04-28T11:16:14,2370,184116,2,248,logs/match_*.jsonl + matched_at
2026-04-28T11:19:16,2372,184364,2,248,logs/match_*.jsonl + matched_at
2026-04-28T11:20:12,2373,184488,1,124,logs/match_*.jsonl + matched_at
2026-04-28T11:22:00,2375,184736,2,248,logs/match_*.jsonl + matched_at
2026-04-28T11:25:03,2376,184860,1,124,logs/match_*.jsonl + matched_at
2026-04-28T11:27:17,2377,185060,1,200,logs/match_*.jsonl + matched_at
2026-04-28T11:27:32,2379,185308,2,248,logs/match_*.jsonl + matched_at
2026-04-28T11:29:40,2381,185556,2,248,logs/match_*.jsonl + matched_at
2026-04-28T11:31:26,2383,185804,2,248,logs/match_*.jsonl + matched_at
2026-04-28T11:32:22,2385,186052,2,248,logs/match_*.jsonl + matched_at
2026-04-28T11:33:55,2387,186300,2,248,logs/match_*.jsonl + matched_at
2026-04-28T11:36:30,2389,186548,2,248,logs/match_*.jsonl + matched_at
2026-04-28T11:38:26,2391,186796,2,248,logs/match_*.jsonl + matched_at
2026-04-28T11:40:44,2393,187044,2,248,logs/match_*.jsonl + matched_at
2026-04-28T11:42:32,2395,187292,2,248,logs/match_*.jsonl + matched_at
2026-04-28T11:45:54,2397,187540,2,248,logs/match_*.jsonl + matched_at
2026-04-28T11:47:58,2399,187760,2,220,logs/match_*.jsonl + matched_at
2026-04-28T11:48:46,2401,188008,2,248,logs/match_*.jsonl + matched_at
2026-04-28T12:01:30,2402,188104,1,96,logs/match_*.jsonl + matched_at
2026-04-28T12:04:49,2404,188352,2,248,logs/match_*.jsonl + matched_at
2026-04-28T12:06:32,2406,188636,2,284,logs/match_*.jsonl + matched_at
2026-04-28T12:10:20,2407,188760,1,124,logs/match_*.jsonl + matched_at
2026-04-28T12:13:20,2409,189008,2,248,logs/match_*.jsonl + matched_at
2026-04-28T12:14:59,2411,189272,2,264,logs/match_*.jsonl + matched_at
2026-04-28T12:15:45,2412,189396,1,124,logs/match_*.jsonl + matched_at
2026-04-28T12:17:03,2414,189660,2,264,logs/match_*.jsonl + matched_at
2026-04-28T12:19:58,2416,189924,2,264,logs/match_*.jsonl + matched_at
2026-04-28T12:21:25,2417,190048,1,124,logs/match_*.jsonl + matched_at
2026-04-28T12:24:26,2419,190380,2,332,logs/match_*.jsonl + matched_at
2026-04-28T12:28:11,2421,190584,2,204,logs/match_*.jsonl + matched_at
2026-04-28T12:29:59,2423,190916,2,332,logs/match_*.jsonl + matched_at
2026-04-28T12:35:12,2425,191128,2,212,logs/match_*.jsonl + matched_at
2026-04-28T12:43:57,2427,191404,2,276,logs/match_*.jsonl + matched_at
2026-04-28T12:57:47,2429,191684,2,280,logs/match_*.jsonl + matched_at
2026-04-28T14:34:59,2430,191964,1,280,logs/match_*.jsonl + matched_at
2026-04-28T14:44:22,2433,192336,3,372,logs/match_*.jsonl + matched_at
2026-04-28T14:46:17,2436,192804,3,468,logs/match_*.jsonl + matched_at
2026-04-28T14:49:28,2438,193012,2,208,logs/match_*.jsonl + matched_at
2026-04-28T14:51:56,2441,193480,3,468,logs/match_*.jsonl + matched_at
2026-04-28T14:58:55,2444,193844,3,364,logs/match_*.jsonl + matched_at
2026-04-28T15:02:03,2445,193928,1,84,logs/match_*.jsonl + matched_at
2026-04-28T15:04:16,2448,194444,3,516,logs/match_*.jsonl + matched_at
2026-04-28T15:09:12,2451,194840,3,396,logs/match_*.jsonl + matched_at
2026-04-28T15:14:47,2454,195220,3,380,logs/match_*.jsonl + matched_at
2026-04-28T15:19:19,2457,195516,3,296,logs/match_*.jsonl + matched_at
2026-04-28T15:26:08,2460,196044,3,528,logs/match_*.jsonl + matched_at
2026-04-28T15:30:32,2462,196248,2,204,logs/match_*.jsonl + matched_at
2026-04-28T15:31:13,2465,196836,3,588,logs/match_*.jsonl + matched_at
2026-04-28T15:34:49,2468,197276,3,440,logs/match_*.jsonl + matched_at
2026-04-28T15:37:05,2471,197696,3,420,logs/match_*.jsonl + matched_at
2026-04-28T15:39:45,2474,198120,3,424,logs/match_*.jsonl + matched_at
2026-04-28T15:43:33,2477,198708,3,588,logs/match_*.jsonl + matched_at
2026-04-28T15:45:09,2480,199092,3,384,logs/match_*.jsonl + matched_at
2026-04-28T15:46:00,2483,199616,3,524,logs/match_*.jsonl + matched_at
2026-04-28T15:47:48,2486,200040,3,424,logs/match_*.jsonl + matched_at
2026-04-28T15:58:30,2488,200352,2,312,logs/match_*.jsonl + matched_at
2026-04-28T16:01:35,2490,200636,2,284,logs/match_*.jsonl + matched_at
2026-04-28T16:02:03,2493,200896,3,260,logs/match_*.jsonl + matched_at
2026-04-28T16:05:40,2496,201356,3,460,logs/match_*.jsonl + matched_at
2026-04-28T16:07:18,2499,201812,3,456,logs/match_*.jsonl + matched_at
2026-04-28T16:09:02,2502,202252,3,440,logs/match_*.jsonl + matched_at
2026-04-28T16:10:12,2505,202660,3,408,logs/match_*.jsonl + matched_at
2026-04-28T16:12:27,2508,203064,3,404,logs/match_*.jsonl + matched_at
2026-04-28T16:15:17,2511,203432,3,368,logs/match_*.jsonl + matched_at
2026-04-28T16:18:08,2514,203848,3,416,logs/match_*.jsonl + matched_at
2026-04-28T16:21:53,2516,204168,2,320,logs/match_*.jsonl + matched_at
2026-04-28T16:30:33,2518,204432,2,264,logs/match_*.jsonl + matched_at
2026-04-28T16:31:25,2520,204716,2,284,logs/match_*.jsonl + matched_at
2026-04-28T16:35:55,2523,205100,3,384,logs/match_*.jsonl + matched_at
2026-04-28T16:39:10,2526,205660,3,560,logs/match_*.jsonl + matched_at
2026-04-28T16:42:25,2529,206040,3,380,logs/match_*.jsonl + matched_at
2026-04-28T16:46:12,2532,206440,3,400,logs/match_*.jsonl + matched_at
2026-04-28T16:51:10,2533,206564,1,124,logs/match_*.jsonl + matched_at
2026-04-28T16:56:38,2536,207160,3,596,logs/match_*.jsonl + matched_at
2026-04-28T17:01:29,2539,207844,3,684,logs/match_*.jsonl + matched_at
2026-04-28T17:04:25,2541,208124,2,280,logs/match_*.jsonl + matched_at
2026-04-28T17:08:37,2544,208564,3,440,logs/match_*.jsonl + matched_at
2026-04-28T17:49:24,2547,208936,3,372,logs/match_*.jsonl + matched_at
2026-04-28T17:49:52,2550,209400,3,464,logs/match_*.jsonl + matched_at
2026-04-28T17:53:03,2553,209752,3,352,logs/match_*.jsonl + matched_at
2026-04-28T17:53:19,2556,210208,3,456,logs/match_*.jsonl + matched_at
2026-04-28T17:53:21,2559,210580,3,372,logs/match_*.jsonl + matched_at
2026-04-28T17:55:06,2562,210996,3,416,logs/match_*.jsonl + matched_at
2026-04-28T17:55:36,2565,211464,3,468,logs/match_*.jsonl + matched_at
2026-04-28T17:55:41,2568,211836,3,372,logs/match_*.jsonl + matched_at
2026-04-28T17:58:09,2571,212212,3,376,logs/match_*.jsonl + matched_at
2026-04-28T17:58:38,2574,212584,3,372,logs/match_*.jsonl + matched_at
2026-04-28T18:00:48,2577,213076,3,492,logs/match_*.jsonl + matched_at
2026-04-28T18:02:33,2580,213472,3,396,logs/match_*.jsonl + matched_at
2026-04-28T18:04:56,2583,213972,3,500,logs/match_*.jsonl + matched_at
2026-04-28T18:07:33,2586,214472,3,500,logs/match_*.jsonl + matched_at
2026-04-28T18:09:34,2588,214832,2,360,logs/match_*.jsonl + matched_at
2026-04-28T18:09:48,2591,215292,3,460,logs/match_*.jsonl + matched_at
2026-04-28T18:10:26,2594,215716,3,424,logs/match_*.jsonl + matched_at
2026-04-28T18:13:05,2597,216148,3,432,logs/match_*.jsonl + matched_at
2026-04-28T18:13:45,2600,216644,3,496,logs/match_*.jsonl + matched_at
2026-04-28T18:15:27,2603,217112,3,468,logs/match_*.jsonl + matched_at
2026-04-28T18:15:37,2606,217548,3,436,logs/match_*.jsonl + matched_at
2026-04-28T18:17:16,2609,217996,3,448,logs/match_*.jsonl + matched_at
2026-04-28T18:17:33,2612,218448,3,452,logs/match_*.jsonl + matched_at
2026-04-28T18:18:05,2614,218752,2,304,logs/match_*.jsonl + matched_at
2026-04-28T18:20:48,2617,219188,3,436,logs/match_*.jsonl + matched_at
2026-04-28T18:21:05,2620,219624,3,436,logs/match_*.jsonl + matched_at
2026-04-28T18:25:20,2623,220108,3,484,logs/match_*.jsonl + matched_at
2026-04-28T18:25:42,2626,220640,3,532,logs/match_*.jsonl + matched_at
2026-04-28T18:28:51,2629,221148,3,508,logs/match_*.jsonl + matched_at
2026-04-28T18:31:46,2632,221656,3,508,logs/match_*.jsonl + matched_at
2026-04-28T18:34:28,2635,222164,3,508,logs/match_*.jsonl + matched_at
2026-04-28T18:35:42,2638,222656,3,492,logs/match_*.jsonl + matched_at
2026-04-28T18:38:14,2641,223164,3,508,logs/match_*.jsonl + matched_at
2026-04-28T18:38:55,2644,223672,3,508,logs/match_*.jsonl + matched_at
2026-04-28T18:41:20,2647,224180,3,508,logs/match_*.jsonl + matched_at
2026-04-28T18:41:21,2650,224688,3,508,logs/match_*.jsonl + matched_at
2026-04-28T18:43:08,2653,225196,3,508,logs/match_*.jsonl + matched_at
2026-04-28T18:44:24,2656,225704,3,508,logs/match_*.jsonl + matched_at
2026-04-28T18:47:23,2659,226212,3,508,logs/match_*.jsonl + matched_at
2026-04-28T18:50:29,2662,226720,3,508,logs/match_*.jsonl + matched_at
2026-04-28T18:50:59,2665,227228,3,508,logs/match_*.jsonl + matched_at
2026-04-28T18:52:00,2668,227736,3,508,logs/match_*.jsonl + matched_at
2026-04-28T18:53:43,2671,228244,3,508,logs/match_*.jsonl + matched_at
2026-04-28T18:55:13,2673,228532,2,288,logs/match_*.jsonl + matched_at
2026-04-28T18:55:17,2676,229012,3,480,logs/match_*.jsonl + matched_at
2026-04-28T18:57:07,2678,229308,2,296,logs/match_*.jsonl + matched_at
2026-04-28T19:01:43,2681,229848,3,540,logs/match_*.jsonl + matched_at
2026-04-28T19:02:09,2684,230328,3,480,logs/match_*.jsonl + matched_at
2026-04-28T19:04:21,2687,230796,3,468,logs/match_*.jsonl + matched_at
2026-04-28T19:04:49,2690,231360,3,564,logs/match_*.jsonl + matched_at
2026-04-28T19:06:22,2692,231640,2,280,logs/match_*.jsonl + matched_at
2026-04-28T19:09:08,2695,232100,3,460,logs/match_*.jsonl + matched_at
2026-04-28T19:09:33,2698,232676,3,576,logs/match_*.jsonl + matched_at
2026-04-28T19:12:02,2701,233228,3,552,logs/match_*.jsonl + matched_at
2026-04-28T19:14:09,2704,233852,3,624,logs/match_*.jsonl + matched_at
2026-04-28T19:14:35,2707,234448,3,596,logs/match_*.jsonl + matched_at
2026-04-28T19:16:28,2710,235044,3,596,logs/match_*.jsonl + matched_at
2026-04-28T19:17:49,2713,235640,3,596,logs/match_*.jsonl + matched_at
2026-04-28T19:18:50,2716,236236,3,596,logs/match_*.jsonl + matched_at
2026-04-28T19:21:43,2719,236832,3,596,logs/match_*.jsonl + matched_at
2026-04-28T19:25:01,2722,237428,3,596,logs/match_*.jsonl + matched_at
2026-04-28T19:26:00,2725,238024,3,596,logs/match_*.jsonl + matched_at
2026-04-28T19:26:58,2728,238620,3,596,logs/match_*.jsonl + matched_at
2026-04-28T19:29:03,2731,239220,3,600,logs/match_*.jsonl + matched_at
2026-04-28T19:31:02,2734,239816,3,596,logs/match_*.jsonl + matched_at
2026-04-28T19:32:39,2737,240344,3,528,logs/match_*.jsonl + matched_at
2026-04-28T19:34:58,2740,240868,3,524,logs/match_*.jsonl + matched_at
2026-04-28T19:36:01,2743,241396,3,528,logs/match_*.jsonl + matched_at
2026-04-28T19:38:21,2746,241940,3,544,logs/match_*.jsonl + matched_at
2026-04-28T19:39:19,2749,242472,3,532,logs/match_*.jsonl + matched_at
2026-04-28T19:42:12,2752,243016,3,544,logs/match_*.jsonl + matched_at
2026-04-28T19:42:40,2755,243568,3,552,logs/match_*.jsonl + matched_at
2026-04-28T19:44:28,2758,244140,3,572,logs/match_*.jsonl + matched_at
2026-04-28T19:45:49,2761,244684,3,544,logs/match_*.jsonl + matched_at
2026-04-28T19:51:54,2764,245304,3,620,logs/match_*.jsonl + matched_at
2026-04-28T19:53:25,2767,245972,3,668,logs/match_*.jsonl + matched_at
2026-04-28T19:54:14,2770,246440,3,468,logs/match_*.jsonl + matched_at
2026-04-28T19:58:11,2773,247044,3,604,logs/match_*.jsonl + matched_at
2026-04-28T20:01:15,2776,247772,3,728,logs/match_*.jsonl + matched_at
2026-04-28T20:03:17,2779,248228,3,456,logs/match_*.jsonl + matched_at
2026-04-28T20:05:27,2782,248668,3,440,logs/match_*.jsonl + matched_at
2026-04-28T20:05:39,2785,249128,3,460,logs/match_*.jsonl + matched_at
2026-04-28T20:08:25,2788,249608,3,480,logs/match_*.jsonl + matched_at
2026-04-28T20:08:45,2790,249912,2,304,logs/match_*.jsonl + matched_at
2026-04-28T20:08:47,2793,250392,3,480,logs/match_*.jsonl + matched_at
2026-04-28T20:12:25,2796,250924,3,532,logs/match_*.jsonl + matched_at
2026-04-28T20:13:07,2799,251564,3,640,logs/match_*.jsonl + matched_at
2026-04-28T20:14:38,2802,252212,3,648,logs/match_*.jsonl + matched_at
2026-04-28T20:16:42,2805,252860,3,648,logs/match_*.jsonl + matched_at
2026-04-28T20:17:28,2808,253476,3,616,logs/match_*.jsonl + matched_at
2026-04-28T20:21:39,2810,253908,2,432,logs/match_*.jsonl + matched_at
2026-04-28T20:21:39.185314,2811,254124,1,216,logs/match_*.jsonl + matched_at
2026-04-28T20:21:39.185413,2812,254268,1,144,logs/match_*.jsonl + matched_at
2026-04-28T20:21:39.185468,2813,254420,1,152,logs/match_*.jsonl + matched_at
2026-04-28T20:22:50,2816,255068,3,648,logs/match_*.jsonl + matched_at
2026-04-28T20:26:19,2819,255728,3,660,logs/match_*.jsonl + matched_at
2026-04-28T20:26:29,2822,256328,3,600,logs/match_*.jsonl + matched_at
2026-04-28T20:26:58,2825,256976,3,648,logs/match_*.jsonl + matched_at
2026-04-28T20:28:13,2828,257636,3,660,logs/match_*.jsonl + matched_at
2026-04-28T20:29:23,2831,258296,3,660,logs/match_*.jsonl + matched_at
2026-04-28T21:49:33,2834,258956,3,660,logs/match_*.jsonl + matched_at
2026-04-28T21:50:32,2837,259616,3,660,logs/match_*.jsonl + matched_at
2026-04-28T21:52:03,2840,260276,3,660,logs/match_*.jsonl + matched_at
2026-04-28T21:52:47,2843,260936,3,660,logs/match_*.jsonl + matched_at
2026-04-28T21:55:46,2846,261596,3,660,logs/match_*.jsonl + matched_at
2026-04-28T21:57:48,2849,262212,3,616,logs/match_*.jsonl + matched_at
2026-04-28T21:59:07,2852,262844,3,632,logs/match_*.jsonl + matched_at
2026-04-28T21:59:56,2855,263504,3,660,logs/match_*.jsonl + matched_at
2026-04-28T22:00:15,2858,264164,3,660,logs/match_*.jsonl + matched_at
2026-04-28T22:01:19,2861,264824,3,660,logs/match_*.jsonl + matched_at
2026-04-28T22:02:58,2864,265484,3,660,logs/match_*.jsonl + matched_at
2026-04-28T22:03:01,2867,266144,3,660,logs/match_*.jsonl + matched_at
2026-04-28T22:03:37,2870,266804,3,660,logs/match_*.jsonl + matched_at
2026-04-28T22:06:32,2873,267484,3,680,logs/match_*.jsonl + matched_at
2026-04-28T22:08:04,2876,268080,3,596,logs/match_*.jsonl + matched_at
2026-04-28T22:08:59,2879,268652,3,572,logs/match_*.jsonl + matched_at
2026-04-28T22:09:26,2882,269312,3,660,logs/match_*.jsonl + matched_at
2026-04-28T22:11:48,2885,269972,3,660,logs/match_*.jsonl + matched_at
2026-04-28T22:11:58,2888,270632,3,660,logs/match_*.jsonl + matched_at
2026-04-28T22:14:31,2891,271284,3,652,logs/match_*.jsonl + matched_at
2026-04-28T22:14:49,2894,271952,3,668,logs/match_*.jsonl + matched_at
2026-04-28T22:16:36,2897,272636,3,684,logs/match_*.jsonl + matched_at
2026-04-28T22:16:48,2899,273076,2,440,logs/match_*.jsonl + matched_at
2026-04-28T22:18:43,2902,273760,3,684,logs/match_*.jsonl + matched_at
2026-04-28T22:20:50,2905,274444,3,684,logs/match_*.jsonl + matched_at
2026-04-28T22:21:19,2908,275008,3,564,logs/match_*.jsonl + matched_at
2026-04-28T22:23:00,2911,275512,3,504,logs/match_*.jsonl + matched_at
2026-04-28T22:23:07,2914,276104,3,592,logs/match_*.jsonl + matched_at
2026-04-28T22:23:38,2917,276592,3,488,logs/match_*.jsonl + matched_at
2026-04-28T22:24:40,2920,277152,3,560,logs/match_*.jsonl + matched_at
2026-04-28T22:26:37,2923,277416,3,264,logs/match_*.jsonl + matched_at
2026-04-28T22:30:26,2926,277688,3,272,logs/match_*.jsonl + matched_at
2026-04-28T22:30:56,2929,278172,3,484,logs/match_*.jsonl + matched_at
2026-04-28T22:33:33,2932,278436,3,264,logs/match_*.jsonl + matched_at
2026-04-28T22:33:53,2935,278772,3,336,logs/match_*.jsonl + matched_at
2026-04-28T22:37:42,2938,279156,3,384,logs/match_*.jsonl + matched_at
2026-04-28T22:38:43,2941,279540,3,384,logs/match_*.jsonl + matched_at
2026-04-28T22:40:34,2943,279796,2,256,logs/match_*.jsonl + matched_at
2026-04-28T22:45:43,2946,280212,3,416,logs/match_*.jsonl + matched_at
2026-04-28T22:46:59,2949,280608,3,396,logs/match_*.jsonl + matched_at
2026-04-28T22:50:06,2952,281032,3,424,logs/match_*.jsonl + matched_at
2026-04-28T22:53:10,2955,281472,3,440,logs/match_*.jsonl + matched_at
2026-04-28T22:54:55,2958,281948,3,476,logs/match_*.jsonl + matched_at
2026-04-28T22:57:09,2961,282412,3,464,logs/match_*.jsonl + matched_at
2026-04-28T23:00:02,2964,282848,3,436,logs/match_*.jsonl + matched_at
2026-04-28T23:00:22,2966,283120,2,272,logs/match_*.jsonl + matched_at
2026-04-28T23:02:11,2969,283656,3,536,logs/match_*.jsonl + matched_at
2026-04-28T23:04:39,2972,284136,3,480,logs/match_*.jsonl + matched_at
2026-04-28T23:05:10,2975,284648,3,512,logs/match_*.jsonl + matched_at
2026-04-28T23:13:42,2978,285184,3,536,logs/match_*.jsonl + matched_at
2026-04-28T23:17:41,2979,285380,1,196,logs/match_*.jsonl + matched_at
2026-04-28T23:21:06,2981,285696,2,316,logs/match_*.jsonl + matched_at
2026-04-28T23:28:01,2983,286016,2,320,logs/match_*.jsonl + matched_at
2026-04-28T23:31:13,2985,286452,2,436,logs/match_*.jsonl + matched_at
2026-04-28T23:31:31,2988,287076,3,624,logs/match_*.jsonl + matched_at
2026-04-28T23:35:56,2991,287452,3,376,logs/match_*.jsonl + matched_at
2026-04-28T23:36:20,2993,287684,2,232,logs/match_*.jsonl + matched_at
2026-04-28T23:37:16,2996,288032,3,348,logs/match_*.jsonl + matched_at
2026-04-28T23:37:59,2999,288428,3,396,logs/match_*.jsonl + matched_at
2026-04-28T23:43:44,3002,288828,3,400,logs/match_*.jsonl + matched_at
2026-04-28T23:46:14,3005,289236,3,408,logs/match_*.jsonl + matched_at
2026-04-28T23:48:53,3007,289508,2,272,logs/match_*.jsonl + matched_at
2026-04-28T23:49:03,3009,289772,2,264,logs/match_*.jsonl + matched_at
2026-04-28T23:52:29,3012,290192,3,420,logs/match_*.jsonl + matched_at
2026-04-29T00:50:10.006929,3013,290472,1,280,logs/match_*.jsonl + matched_at
2026-04-29T00:55:35.644626,3014,290596,1,124,logs/match_*.jsonl + matched_at
2026-04-29T00:55:35.644698,3015,290688,1,92,logs/match_*.jsonl + matched_at
2026-04-29T00:57:18.416353,3016,290816,1,128,logs/match_*.jsonl + matched_at
2026-04-29T00:57:18.416417,3017,290936,1,120,logs/match_*.jsonl + matched_at
2026-04-29T01:06:41.936058,3018,291064,1,128,logs/match_*.jsonl + matched_at
2026-04-29T01:15:08.002388,3019,291164,1,100,logs/match_*.jsonl + matched_at
2026-04-29T01:16:30.820214,3020,291240,1,76,logs/match_*.jsonl + matched_at
2026-04-29T01:17:49.513926,3021,291352,1,112,logs/match_*.jsonl + matched_at
2026-04-29T01:19:45.577809,3022,291480,1,128,logs/match_*.jsonl + matched_at
2026-04-29T01:24:03.829783,3023,291608,1,128,logs/match_*.jsonl + matched_at
2026-04-29T01:28:17.226452,3024,291736,1,128,logs/match_*.jsonl + matched_at
2026-04-29T01:31:06.343998,3025,291864,1,128,logs/match_*.jsonl + matched_at
2026-04-29T01:31:33.600798,3026,291996,1,132,logs/match_*.jsonl + matched_at
2026-04-29T01:33:10.566064,3027,292336,1,340,logs/match_*.jsonl + matched_at
2026-04-29T01:34:26.102985,3028,292464,1,128,logs/match_*.jsonl + matched_at
2026-04-29T01:35:00.643388,3029,292600,1,136,logs/match_*.jsonl + matched_at
2026-04-29T01:38:58.174819,3030,292680,1,80,logs/match_*.jsonl + matched_at
2026-04-29T12:18:52,3031,292960,1,280,logs/match_*.jsonl + matched_at
2026-04-29T12:24:12,3032,293100,1,140,logs/match_*.jsonl + matched_at
2026-04-29T12:50:07,3033,293380,1,280,logs/match_*.jsonl + matched_at
2026-04-29T12:52:57,3034,293504,1,124,logs/match_*.jsonl + matched_at
2026-04-29T12:57:19,3035,293644,1,140,logs/match_*.jsonl + matched_at
2026-04-29T12:57:21,3036,293776,1,132,logs/match_*.jsonl + matched_at
2026-04-29T12:59:30,3038,294044,2,268,logs/match_*.jsonl + matched_at
2026-04-29T13:07:23,3039,294136,1,92,logs/match_*.jsonl + matched_at
2026-04-29T13:09:50,3041,294408,2,272,logs/match_*.jsonl + matched_at
2026-04-29T13:12:20,3043,294740,2,332,logs/match_*.jsonl + matched_at
2026-04-29T13:14:46,3045,294960,2,220,logs/match_*.jsonl + matched_at
2026-04-29T13:14:56,3047,295296,2,336,logs/match_*.jsonl + matched_at
2026-04-29T13:35:19,3049,295716,2,420,logs/match_*.jsonl + matched_at
2026-04-29T13:35:44,3050,295852,1,136,logs/match_*.jsonl + matched_at
2026-04-29T13:36:51,3051,295992,1,140,logs/match_*.jsonl + matched_at
2026-04-29T13:38:05,3053,296244,2,252,logs/match_*.jsonl + matched_at
2026-04-29T13:38:17,3055,296668,2,424,logs/match_*.jsonl + matched_at
2026-04-29T13:38:18,3056,296880,1,212,logs/match_*.jsonl + matched_at
2026-04-29T13:39:05,3058,297304,2,424,logs/match_*.jsonl + matched_at
2026-04-29T13:40:59,3060,297732,2,428,logs/match_*.jsonl + matched_at
2026-04-29T13:41:12,3062,298160,2,428,logs/match_*.jsonl + matched_at
2026-04-29T13:43:01,3064,298588,2,428,logs/match_*.jsonl + matched_at
2026-04-29T13:47:49,3066,299020,2,432,logs/match_*.jsonl + matched_at
2026-04-29T13:49:20,3067,299172,1,152,logs/match_*.jsonl + matched_at
2026-04-29T13:50:00,3068,299348,1,176,logs/match_*.jsonl + matched_at
2026-04-29T13:50:11,3070,299780,2,432,logs/match_*.jsonl + matched_at
2026-04-29T13:51:24,3072,300212,2,432,logs/match_*.jsonl + matched_at
2026-04-29T13:52:37,3074,300704,2,492,logs/match_*.jsonl + matched_at
2026-04-29T13:53:23,3076,301136,2,432,logs/match_*.jsonl + matched_at
2026-04-29T13:53:37,3077,301288,1,152,logs/match_*.jsonl + matched_at
2026-04-29T13:56:08,3079,301724,2,436,logs/match_*.jsonl + matched_at
2026-04-29T13:56:40,3081,302216,2,492,logs/match_*.jsonl + matched_at
2026-04-29T13:58:19,3083,302652,2,436,logs/match_*.jsonl + matched_at
2026-04-29T14:00:20,3085,302976,2,324,logs/match_*.jsonl + matched_at
2026-04-29T14:01:28,3087,303412,2,436,logs/match_*.jsonl + matched_at
2026-04-29T14:01:31,3089,303852,2,440,logs/match_*.jsonl + matched_at
2026-04-29T14:04:11,3091,304296,2,444,logs/match_*.jsonl + matched_at
2026-04-29T14:05:13,3092,304636,1,340,logs/match_*.jsonl + matched_at
2026-04-29T14:08:34,3093,304800,1,164,logs/match_*.jsonl + matched_at
2026-04-29T14:12:50,3094,304968,1,168,logs/match_*.jsonl + matched_at
2026-04-29T14:13:03,3095,305132,1,164,logs/match_*.jsonl + matched_at
2026-04-29T14:14:29,3096,305300,1,168,logs/match_*.jsonl + matched_at
2026-04-29T14:15:10,3098,305728,2,428,logs/match_*.jsonl + matched_at
2026-04-29T14:16:48,3100,306472,2,744,logs/match_*.jsonl + matched_at
2026-04-29T14:18:17,3101,306640,1,168,logs/match_*.jsonl + matched_at
2026-04-29T14:20:08,3102,306696,1,56,logs/match_*.jsonl + matched_at
2026-04-29T14:21:58,3104,307076,2,380,logs/match_*.jsonl + matched_at
2026-04-29T14:23:16,3106,307348,2,272,logs/match_*.jsonl + matched_at
2026-04-29T14:26:27,3107,307424,1,76,logs/match_*.jsonl + matched_at
2026-04-29T14:26:43,3109,307876,2,452,logs/match_*.jsonl + matched_at
2026-04-29T14:27:31,3111,308328,2,452,logs/match_*.jsonl + matched_at
2026-04-29T14:28:46,3113,308784,2,456,logs/match_*.jsonl + matched_at
2026-04-29T14:29:26,3114,308956,1,172,logs/match_*.jsonl + matched_at
2026-04-29T14:34:16,3116,309376,2,420,logs/match_*.jsonl + matched_at
2026-04-29T14:36:41,3118,309700,2,324,logs/match_*.jsonl + matched_at
2026-04-29T15:16:39,3119,309852,1,152,logs/match_*.jsonl + matched_at
2026-04-29T16:13:21,3121,310428,2,576,logs/match_*.jsonl + matched_at
2026-04-29T16:17:07,3123,311112,2,684,logs/match_*.jsonl + matched_at
2026-04-29T16:18:41,3125,311756,2,644,logs/match_*.jsonl + matched_at
2026-04-29T16:19:05,3126,312036,1,280,logs/match_*.jsonl + matched_at
2026-04-29T16:19:23,3128,312788,2,752,logs/match_*.jsonl + matched_at
2026-04-29T16:22:54,3130,313472,2,684,logs/match_*.jsonl + matched_at
2026-04-29T16:23:04,3132,314028,2,556,logs/match_*.jsonl + matched_at
2026-04-29T16:24:49,3133,314436,1,408,logs/match_*.jsonl + matched_at
2026-04-29T16:25:07,3135,315076,2,640,logs/match_*.jsonl + matched_at
2026-04-29T16:27:48,3136,315484,1,408,logs/match_*.jsonl + matched_at
2026-04-29T16:28:58,3138,316052,2,568,logs/match_*.jsonl + matched_at
2026-04-29T16:30:01,3140,316436,2,384,logs/match_*.jsonl + matched_at
2026-04-29T16:30:47,3142,317052,2,616,logs/match_*.jsonl + matched_at
2026-04-29T16:30:49,3144,317588,2,536,logs/match_*.jsonl + matched_at
2026-04-29T16:30:51,3146,318408,2,820,logs/match_*.jsonl + matched_at
2026-04-29T16:33:45,3148,318996,2,588,logs/match_*.jsonl + matched_at
2026-04-29T16:33:52,3150,319696,2,700,logs/match_*.jsonl + matched_at
2026-04-29T16:34:12,3152,320380,2,684,logs/match_*.jsonl + matched_at
2026-04-29T16:36:02,3154,320732,2,352,logs/match_*.jsonl + matched_at
2026-04-29T16:40:36,3156,321616,2,884,logs/match_*.jsonl + matched_at
2026-04-29T16:40:57,3157,321908,1,292,logs/match_*.jsonl + matched_at
2026-04-29T16:42:04,3158,322196,1,288,logs/match_*.jsonl + matched_at
2026-04-29T16:44:56,3160,322768,2,572,logs/match_*.jsonl + matched_at
2026-04-29T16:44:59,3162,323344,2,576,logs/match_*.jsonl + matched_at
2026-04-29T16:49:30,3164,323856,2,512,logs/match_*.jsonl + matched_at
2026-04-29T16:49:55,3165,324152,1,296,logs/match_*.jsonl + matched_at
2026-04-29T16:50:05,3166,324620,1,468,logs/match_*.jsonl + matched_at
2026-04-29T16:52:26,3168,325172,2,552,logs/match_*.jsonl + matched_at
2026-04-29T16:52:34,3170,326048,2,876,logs/match_*.jsonl + matched_at
2026-04-29T16:52:38,3171,326456,1,408,logs/match_*.jsonl + matched_at
2026-04-29T16:53:06,3173,327092,2,636,logs/match_*.jsonl + matched_at
2026-04-29T16:54:11,3175,327636,2,544,logs/match_*.jsonl + matched_at
2026-04-29T16:55:02,3177,328032,2,396,logs/match_*.jsonl + matched_at
2026-04-29T16:55:50,3179,328604,2,572,logs/match_*.jsonl + matched_at
2026-04-29T16:57:43,3181,329128,2,524,logs/match_*.jsonl + matched_at
2026-04-29T16:58:24,3183,329824,2,696,logs/match_*.jsonl + matched_at
2026-04-29T16:58:58,3185,330516,2,692,logs/match_*.jsonl + matched_at
2026-04-29T16:59:15,3187,330888,2,372,logs/match_*.jsonl + matched_at
2026-04-29T17:01:17,3189,331600,2,712,logs/match_*.jsonl + matched_at
2026-04-29T17:03:33,3191,332380,2,780,logs/match_*.jsonl + matched_at
2026-04-29T17:04:02,3193,333052,2,672,logs/match_*.jsonl + matched_at
2026-04-29T17:04:27,3195,333596,2,544,logs/match_*.jsonl + matched_at
2026-04-29T17:05:53,3197,334532,2,936,logs/match_*.jsonl + matched_at
2026-04-29T17:07:40,3198,334820,1,288,logs/match_*.jsonl + matched_at
2026-04-29T17:08:28,3200,335368,2,548,logs/match_*.jsonl + matched_at
2026-04-29T17:14:26,3202,335952,2,584,logs/match_*.jsonl + matched_at
2026-04-29T17:15:13,3203,336420,1,468,logs/match_*.jsonl + matched_at
2026-04-29T17:15:42,3204,336520,1,100,logs/match_*.jsonl + matched_at
2026-04-29T17:17:22,3206,337456,2,936,logs/match_*.jsonl + matched_at
2026-04-29T17:19:03,3208,338152,2,696,logs/match_*.jsonl + matched_at
2026-04-29T17:20:05,3209,338500,1,348,logs/match_*.jsonl + matched_at
2026-04-29T17:22:25,3211,339116,2,616,logs/match_*.jsonl + matched_at
2026-04-29T17:22:29,3213,339532,2,416,logs/match_*.jsonl + matched_at
2026-04-29T17:22:30,3215,339956,2,424,logs/match_*.jsonl + matched_at
2026-04-29T17:25:22,3216,340236,1,280,logs/match_*.jsonl + matched_at
2026-04-29T17:27:07,3218,340608,2,372,logs/match_*.jsonl + matched_at
2026-04-29T17:28:24,3220,341012,2,404,logs/match_*.jsonl + matched_at
2026-04-29T17:29:41,3221,341300,1,288,logs/match_*.jsonl + matched_at
2026-04-29T17:31:12,3223,342112,2,812,logs/match_*.jsonl + matched_at
2026-04-29T17:32:15,3224,342400,1,288,logs/match_*.jsonl + matched_at
2026-04-29T17:33:04,3226,343028,2,628,logs/match_*.jsonl + matched_at
2026-04-29T17:35:17,3227,343376,1,348,logs/match_*.jsonl + matched_at
2026-04-29T17:36:33,3229,343944,2,568,logs/match_*.jsonl + matched_at
2026-04-29T17:37:46,3231,344520,2,576,logs/match_*.jsonl + matched_at
2026-04-29T17:38:23,3232,344860,1,340,logs/match_*.jsonl + matched_at
2026-04-29T17:39:00,3234,345412,2,552,logs/match_*.jsonl + matched_at
2026-04-29T17:40:14,3236,345988,2,576,logs/match_*.jsonl + matched_at
2026-04-29T17:41:01,3238,346540,2,552,logs/match_*.jsonl + matched_at
2026-04-29T17:41:36,3240,347112,2,572,logs/match_*.jsonl + matched_at
2026-04-29T17:42:36,3242,347612,2,500,logs/match_*.jsonl + matched_at
2026-04-29T17:43:38,3244,348172,2,560,logs/match_*.jsonl + matched_at
2026-04-29T17:43:52,3246,348672,2,500,logs/match_*.jsonl + matched_at
2026-04-29T17:44:49,3248,349420,2,748,logs/match_*.jsonl + matched_at
2026-04-29T17:44:55,3250,349888,2,468,logs/match_*.jsonl + matched_at
2026-04-29T17:47:28,3252,350376,2,488,logs/match_*.jsonl + matched_at
2026-04-29T17:48:46,3254,351056,2,680,logs/match_*.jsonl + matched_at
2026-04-29T17:51:03,3256,351744,2,688,logs/match_*.jsonl + matched_at
2026-04-29T17:53:09,3258,352264,2,520,logs/match_*.jsonl + matched_at
2026-04-29T17:53:35,3259,352544,1,280,logs/match_*.jsonl + matched_at
2026-04-29T17:54:47,3261,353020,2,476,logs/match_*.jsonl + matched_at
2026-04-29T17:56:08,3262,353292,1,272,logs/match_*.jsonl + matched_at
2026-04-29T17:56:49,3263,353572,1,280,logs/match_*.jsonl + matched_at
2026-04-29T17:56:50,3265,354068,2,496,logs/match_*.jsonl + matched_at
2026-04-29T17:58:27,3267,354556,2,488,logs/match_*.jsonl + matched_at
2026-04-29T18:03:00,3268,354836,1,280,logs/match_*.jsonl + matched_at
2026-04-29T18:03:28,3270,355536,2,700,logs/match_*.jsonl + matched_at
2026-04-29T18:03:50,3272,356136,2,600,logs/match_*.jsonl + matched_at
2026-04-29T18:05:12,3274,356648,2,512,logs/match_*.jsonl + matched_at
2026-04-29T18:06:05,3276,357348,2,700,logs/match_*.jsonl + matched_at
2026-04-29T18:07:15,3278,357860,2,512,logs/match_*.jsonl + matched_at
2026-04-29T18:07:31,3280,358404,2,544,logs/match_*.jsonl + matched_at
2026-04-29T18:08:11,3282,358964,2,560,logs/match_*.jsonl + matched_at
2026-04-29T18:08:28,3283,359244,1,280,logs/match_*.jsonl + matched_at
2026-04-29T18:09:33,3285,359944,2,700,logs/match_*.jsonl + matched_at
2026-04-29T18:09:47,3287,360424,2,480,logs/match_*.jsonl + matched_at
2026-04-29T18:10:32,3289,360984,2,560,logs/match_*.jsonl + matched_at
2026-04-29T18:11:29,3291,361544,2,560,logs/match_*.jsonl + matched_at
2026-04-29T18:11:44,3293,362072,2,528,logs/match_*.jsonl + matched_at
2026-04-29T18:13:32,3295,362632,2,560,logs/match_*.jsonl + matched_at
2026-04-29T18:13:35,3297,363192,2,560,logs/match_*.jsonl + matched_at
2026-04-29T18:13:47,3299,363640,2,448,logs/match_*.jsonl + matched_at
2026-04-29T18:15:03,3301,364164,2,524,logs/match_*.jsonl + matched_at
2026-04-29T18:15:24,3303,364724,2,560,logs/match_*.jsonl + matched_at
2026-04-29T18:15:30,3305,365308,2,584,logs/match_*.jsonl + matched_at
2026-04-29T18:15:43,3307,366008,2,700,logs/match_*.jsonl + matched_at
2026-04-29T18:16:54,3309,366708,2,700,logs/match_*.jsonl + matched_at
2026-04-29T18:17:17,3311,367268,2,560,logs/match_*.jsonl + matched_at
2026-04-29T18:17:29,3313,367808,2,540,logs/match_*.jsonl + matched_at
2026-04-29T18:18:21,3315,368508,2,700,logs/match_*.jsonl + matched_at
2026-04-29T18:18:49,3317,369208,2,700,logs/match_*.jsonl + matched_at
2026-04-29T18:19:47,3319,369720,2,512,logs/match_*.jsonl + matched_at
2026-04-29T18:20:03,3321,370280,2,560,logs/match_*.jsonl + matched_at
2026-04-29T18:20:30,3323,370980,2,700,logs/match_*.jsonl + matched_at
2026-04-29T18:21:42,3325,371680,2,700,logs/match_*.jsonl + matched_at
2026-04-29T18:21:52,3327,372380,2,700,logs/match_*.jsonl + matched_at
2026-04-29T18:22:53,3329,372940,2,560,logs/match_*.jsonl + matched_at
2026-04-29T18:23:42,3330,373220,1,280,logs/match_*.jsonl + matched_at
2026-04-29T18:23:59,3331,373500,1,280,logs/match_*.jsonl + matched_at
2026-04-29T18:24:54,3333,374060,2,560,logs/match_*.jsonl + matched_at
2026-04-29T18:25:09,3335,374620,2,560,logs/match_*.jsonl + matched_at
2026-04-29T18:26:25,3337,375128,2,508,logs/match_*.jsonl + matched_at
2026-04-29T18:26:39,3339,375828,2,700,logs/match_*.jsonl + matched_at
2026-04-29T18:27:44,3341,376204,2,376,logs/match_*.jsonl + matched_at
2026-04-29T18:27:52,3342,376484,1,280,logs/match_*.jsonl + matched_at
2026-04-29T18:28:05,3344,377044,2,560,logs/match_*.jsonl + matched_at
2026-04-29T18:28:07,3346,377604,2,560,logs/match_*.jsonl + matched_at
2026-04-29T18:29:57,3348,378180,2,576,logs/match_*.jsonl + matched_at
2026-04-29T18:30:14,3350,378756,2,576,logs/match_*.jsonl + matched_at
2026-04-29T18:31:57,3352,379392,2,636,logs/match_*.jsonl + matched_at
2026-04-29T18:34:58,3354,379984,2,592,logs/match_*.jsonl + matched_at
2026-04-29T18:35:11,3356,380552,2,568,logs/match_*.jsonl + matched_at
2026-04-29T18:39:14,3357,380848,1,296,logs/match_*.jsonl + matched_at
2026-04-29T18:41:44,3358,381204,1,356,logs/match_*.jsonl + matched_at
2026-04-29T18:44:32,3360,382056,2,852,logs/match_*.jsonl + matched_at
2026-04-29T18:44:45,3361,382408,1,352,logs/match_*.jsonl + matched_at
2026-04-29T18:44:54,3363,382968,2,560,logs/match_*.jsonl + matched_at
2026-04-29T18:47:06,3365,383380,2,412,logs/match_*.jsonl + matched_at
2026-04-29T18:48:10,3366,383676,1,296,logs/match_*.jsonl + matched_at
2026-04-29T18:48:49,3368,384520,2,844,logs/match_*.jsonl + matched_at
2026-04-29T18:49:24,3370,384932,2,412,logs/match_*.jsonl + matched_at
2026-04-29T18:51:13,3372,385552,2,620,logs/match_*.jsonl + matched_at
2026-04-29T18:53:20,3374,386252,2,700,logs/match_*.jsonl + matched_at
2026-04-29T18:56:57,3375,386660,1,408,logs/match_*.jsonl + matched_at
2026-04-29T18:57:58,3376,387068,1,408,logs/match_*.jsonl + matched_at
2026-04-29T18:58:59,3378,387696,2,628,logs/match_*.jsonl + matched_at
2026-04-29T19:00:35,3380,388088,2,392,logs/match_*.jsonl + matched_at
2026-04-29T19:01:15,3381,388496,1,408,logs/match_*.jsonl + matched_at
2026-04-29T19:03:05,3383,389228,2,732,logs/match_*.jsonl + matched_at
2026-04-29T19:07:41,3384,389516,1,288,logs/match_*.jsonl + matched_at
2026-04-29T19:09:10,3385,389812,1,296,logs/match_*.jsonl + matched_at
2026-04-29T19:11:23,3387,390468,2,656,logs/match_*.jsonl + matched_at
2026-04-29T19:11:28,3388,390756,1,288,logs/match_*.jsonl + matched_at
2026-04-29T19:12:39,3390,391456,2,700,logs/match_*.jsonl + matched_at
2026-04-29T19:14:48,3391,391752,1,296,logs/match_*.jsonl + matched_at
2026-04-29T19:17:29,3393,392440,2,688,logs/match_*.jsonl + matched_at
2026-04-29T19:19:44,3394,392736,1,296,logs/match_*.jsonl + matched_at
2026-04-29T19:20:04,3395,393160,1,424,logs/match_*.jsonl + matched_at
2026-04-29T19:21:06,3397,393664,2,504,logs/match_*.jsonl + matched_at
2026-04-29T19:22:10,3399,394052,2,388,logs/match_*.jsonl + matched_at
2026-04-29T19:23:49,3400,394348,1,296,logs/match_*.jsonl + matched_at
2026-04-29T19:24:12,3401,394704,1,356,logs/match_*.jsonl + matched_at
2026-04-29T19:25:15,3403,395408,2,704,logs/match_*.jsonl + matched_at
2026-04-29T19:26:00,3405,396252,2,844,logs/match_*.jsonl + matched_at
2026-04-29T19:28:06,3407,396872,2,620,logs/match_*.jsonl + matched_at
2026-04-29T19:28:50,3408,397168,1,296,logs/match_*.jsonl + matched_at
2026-04-29T19:31:24,3410,397788,2,620,logs/match_*.jsonl + matched_at
2026-04-29T19:33:18,3412,398348,2,560,logs/match_*.jsonl + matched_at
2026-04-29T19:33:34,3413,398636,1,288,logs/match_*.jsonl + matched_at
2026-04-29T19:35:00,3415,399196,2,560,logs/match_*.jsonl + matched_at
2026-04-29T19:35:05,3416,399552,1,356,logs/match_*.jsonl + matched_at
2026-04-29T19:37:33,3418,400216,2,664,logs/match_*.jsonl + matched_at
2026-04-29T19:38:50,3420,400816,2,600,logs/match_*.jsonl + matched_at
2026-04-29T19:39:24,3421,401096,1,280,logs/match_*.jsonl + matched_at
2026-04-29T19:40:08,3423,401644,2,548,logs/match_*.jsonl + matched_at
2026-04-29T19:42:29,3425,402184,2,540,logs/match_*.jsonl + matched_at
2026-04-29T19:43:57,3427,402744,2,560,logs/match_*.jsonl + matched_at
2026-04-29T19:44:22,3429,403316,2,572,logs/match_*.jsonl + matched_at
2026-04-29T19:46:11,3431,403876,2,560,logs/match_*.jsonl + matched_at
2026-04-29T19:46:32,3433,404368,2,492,logs/match_*.jsonl + matched_at
2026-04-29T19:48:18,3435,405000,2,632,logs/match_*.jsonl + matched_at
2026-04-29T19:49:01,3436,405280,1,280,logs/match_*.jsonl + matched_at
2026-04-29T19:50:22,3438,405912,2,632,logs/match_*.jsonl + matched_at
2026-04-29T19:52:09,3440,406592,2,680,logs/match_*.jsonl + matched_at
2026-04-29T19:54:10,3442,407212,2,620,logs/match_*.jsonl + matched_at
2026-04-29T19:54:30,3444,407756,2,544,logs/match_*.jsonl + matched_at
2026-04-29T19:56:16,3446,408376,2,620,logs/match_*.jsonl + matched_at
2026-04-29T19:57:12,3447,408656,1,280,logs/match_*.jsonl + matched_at
2026-04-29T20:04:13,3448,408996,1,340,logs/match_*.jsonl + matched_at
2026-04-29T20:04:43,3449,409276,1,280,logs/match_*.jsonl + matched_at
2026-04-29T20:06:12,3451,409836,2,560,logs/match_*.jsonl + matched_at
2026-04-29T20:06:27,3453,410456,2,620,logs/match_*.jsonl + matched_at
2026-04-29T20:07:37,3454,410736,1,280,logs/match_*.jsonl + matched_at
2026-04-29T20:11:23,3456,411436,2,700,logs/match_*.jsonl + matched_at
2026-04-29T21:22:02,3458,411976,2,540,logs/match_*.jsonl + matched_at
2026-04-29T21:23:00,3460,412536,2,560,logs/match_*.jsonl + matched_at
2026-04-29T21:23:18,3462,413096,2,560,logs/match_*.jsonl + matched_at
2026-04-29T21:24:07,3464,413656,2,560,logs/match_*.jsonl + matched_at
2026-04-29T21:25:28,3466,414216,2,560,logs/match_*.jsonl + matched_at
2026-04-29T21:27:47,3467,414496,1,280,logs/match_*.jsonl + matched_at
2026-04-29T21:28:00,3468,414776,1,280,logs/match_*.jsonl + matched_at
2026-04-29T21:29:29,3470,415476,2,700,logs/match_*.jsonl + matched_at
2026-04-29T21:31:18,3472,416176,2,700,logs/match_*.jsonl + matched_at
2026-04-29T21:32:56,3473,416456,1,280,logs/match_*.jsonl + matched_at
2026-04-29T21:32:58,3475,417136,2,680,logs/match_*.jsonl + matched_at
2026-04-29T21:33:03,3476,417416,1,280,logs/match_*.jsonl + matched_at
2026-04-29T21:34:40,3478,418116,2,700,logs/match_*.jsonl + matched_at
2026-04-29T21:35:57,3480,418816,2,700,logs/match_*.jsonl + matched_at
2026-04-29T21:36:08,3482,419636,2,820,logs/match_*.jsonl + matched_at
2026-04-29T21:37:39,3484,420316,2,680,logs/match_*.jsonl + matched_at
2026-04-29T21:37:47,3486,420936,2,620,logs/match_*.jsonl + matched_at
2026-04-29T21:37:56,3488,421552,2,616,logs/match_*.jsonl + matched_at
2026-04-29T21:39:03,3489,421892,1,340,logs/match_*.jsonl + matched_at
2026-04-29T21:39:56,3491,422368,2,476,logs/match_*.jsonl + matched_at
2026-04-29T21:40:07,3493,423048,2,680,logs/match_*.jsonl + matched_at
2026-04-29T21:40:49,3494,423328,1,280,logs/match_*.jsonl + matched_at
2026-04-29T21:41:32,3496,423948,2,620,logs/match_*.jsonl + matched_at
2026-04-29T21:42:20,3498,424584,2,636,logs/match_*.jsonl + matched_at
2026-04-29T21:42:53,3500,425036,2,452,logs/match_*.jsonl + matched_at
2026-04-29T21:50:26,3501,425316,1,280,logs/match_*.jsonl + matched_at
2026-04-29T21:57:29,3502,425504,1,188,logs/match_*.jsonl + matched_at
2026-04-29T22:00:37,3504,425960,2,456,logs/match_*.jsonl + matched_at
2026-04-29T22:00:56,3505,426348,1,388,logs/match_*.jsonl + matched_at
2026-04-29T22:05:31,3507,426836,2,488,logs/match_*.jsonl + matched_at
2026-04-29T22:13:15,3509,427224,2,388,logs/match_*.jsonl + matched_at
2026-04-29T22:15:26,3511,427748,2,524,logs/match_*.jsonl + matched_at
2026-04-29T22:17:35,3513,428420,2,672,logs/match_*.jsonl + matched_at
2026-04-29T22:20:54,3515,429008,2,588,logs/match_*.jsonl + matched_at
2026-04-29T22:28:21,3516,429240,1,232,logs/match_*.jsonl + matched_at
2026-04-29T22:28:38,3518,429660,2,420,logs/match_*.jsonl + matched_at
2026-04-29T22:28:47,3520,430204,2,544,logs/match_*.jsonl + matched_at
2026-04-29T23:43:08,3521,430432,1,228,logs/match_*.jsonl + matched_at
2026-04-29T23:43:55,3523,431136,2,704,logs/match_*.jsonl + matched_at
2026-04-29T23:48:43,3525,431744,2,608,logs/match_*.jsonl + matched_at
2026-04-29T23:56:09,3526,432008,1,264,logs/match_*.jsonl + matched_at
2026-04-30T00:05:30,3527,432168,1,160,logs/match_*.jsonl + matched_at
2026-04-30T00:08:27,3529,432832,2,664,logs/match_*.jsonl + matched_at
2026-04-30T00:10:03,3530,433092,1,260,logs/match_*.jsonl + matched_at
2026-04-30T00:13:01,3532,433620,2,528,logs/match_*.jsonl + matched_at
2026-04-30T00:13:15,3534,434208,2,588,logs/match_*.jsonl + matched_at
2026-04-30T00:14:17,3535,434576,1,368,logs/match_*.jsonl + matched_at
2026-04-30T00:16:11,3537,435184,2,608,logs/match_*.jsonl + matched_at
2026-04-30T00:18:26,3539,436000,2,816,logs/match_*.jsonl + matched_at
2026-04-30T00:22:31,3541,436564,2,564,logs/match_*.jsonl + matched_at
2026-04-30T00:22:34,3543,437324,2,760,logs/match_*.jsonl + matched_at
2026-04-30T00:24:01,3545,438136,2,812,logs/match_*.jsonl + matched_at
2026-04-30T00:25:32,3547,438860,2,724,logs/match_*.jsonl + matched_at
2026-04-30T00:25:41,3549,439624,2,764,logs/match_*.jsonl + matched_at
2026-04-30T00:26:04,3551,440392,2,768,logs/match_*.jsonl + matched_at
2026-04-30T00:27:39,3553,441088,2,696,logs/match_*.jsonl + matched_at
2026-04-30T00:28:27,3555,441700,2,612,logs/match_*.jsonl + matched_at
2026-04-30T00:29:48,3557,442460,2,760,logs/match_*.jsonl + matched_at
2026-04-30T00:30:58,3559,443048,2,588,logs/match_*.jsonl + matched_at
2026-04-30T00:32:37,3561,443612,2,564,logs/match_*.jsonl + matched_at
2026-04-30T00:34:12,3563,444192,2,580,logs/match_*.jsonl + matched_at
2026-04-30T00:34:52,3565,444724,2,532,logs/match_*.jsonl + matched_at
2026-04-30T00:36:34,3567,445316,2,592,logs/match_*.jsonl + matched_at
2026-04-30T00:37:24,3569,445888,2,572,logs/match_*.jsonl + matched_at
2026-04-30T00:37:33,3571,446324,2,436,logs/match_*.jsonl + matched_at
2026-04-30T01:21:32,3573,446700,2,376,logs/match_*.jsonl + matched_at
2026-04-30T01:27:34,3575,447172,2,472,logs/match_*.jsonl + matched_at
2026-04-30T01:30:27,3577,447980,2,808,logs/match_*.jsonl + matched_at
2026-04-30T01:35:51,3579,448544,2,564,logs/match_*.jsonl + matched_at
2026-04-30T01:43:59,3581,449316,2,772,logs/match_*.jsonl + matched_at
2026-04-30T01:48:06,3583,450080,2,764,logs/match_*.jsonl + matched_at
2026-04-30T01:51:35,3584,450268,1,188,logs/match_*.jsonl + matched_at
2026-04-30T02:08:25,3585,450532,1,264,logs/match_*.jsonl + matched_at
2026-04-30T02:11:12,3586,450612,1,80,logs/match_*.jsonl + matched_at
2026-04-30T02:11:46,3588,451452,2,840,logs/match_*.jsonl + matched_at
2026-04-30T02:14:51,3590,451952,2,500,logs/match_*.jsonl + matched_at
2026-04-30T02:15:27,3592,452776,2,824,logs/match_*.jsonl + matched_at
2026-04-30T02:17:27,3594,453484,2,708,logs/match_*.jsonl + matched_at
2026-04-30T02:17:31,3596,454324,2,840,logs/match_*.jsonl + matched_at
2026-04-30T02:18:07,3597,454804,1,480,logs/match_*.jsonl + matched_at
2026-04-30T02:19:47,3599,455644,2,840,logs/match_*.jsonl + matched_at
2026-04-30T02:19:52,3601,456484,2,840,logs/match_*.jsonl + matched_at
2026-04-30T02:20:59,3603,457252,2,768,logs/match_*.jsonl + matched_at
2026-04-30T02:21:18,3605,458092,2,840,logs/match_*.jsonl + matched_at
2026-04-30T02:21:50,3607,458932,2,840,logs/match_*.jsonl + matched_at
2026-04-30T02:22:41,3609,459772,2,840,logs/match_*.jsonl + matched_at
2026-04-30T02:23:08,3611,460612,2,840,logs/match_*.jsonl + matched_at
2026-04-30T02:24:24,3613,461452,2,840,logs/match_*.jsonl + matched_at
2026-04-30T02:24:29,3615,462292,2,840,logs/match_*.jsonl + matched_at
2026-04-30T02:27:56,3617,463148,2,856,logs/match_*.jsonl + matched_at
2026-04-30T02:32:45,3619,463536,2,388,logs/match_*.jsonl + matched_at
2026-04-30T02:33:17,3620,463956,1,420,logs/match_*.jsonl + matched_at
2026-04-30T02:37:32,3621,464356,1,400,logs/match_*.jsonl + matched_at
2026-04-30T02:38:59,3623,465124,2,768,logs/match_*.jsonl + matched_at
2026-04-30T02:42:15,3625,465832,2,708,logs/match_*.jsonl + matched_at
2026-04-30T02:42:41,3626,466132,1,300,logs/match_*.jsonl + matched_at
2026-04-30T02:47:43,3627,466200,1,68,logs/match_*.jsonl + matched_at
2026-04-30T02:49:32,3628,466300,1,100,logs/match_*.jsonl + matched_at
2026-04-30T02:50:04,3630,467140,2,840,logs/match_*.jsonl + matched_at
2026-04-30T02:54:34,3632,467924,2,784,logs/match_*.jsonl + matched_at
2026-04-30T02:56:00,3634,468744,2,820,logs/match_*.jsonl + matched_at
2026-04-30T02:56:54,3636,469584,2,840,logs/match_*.jsonl + matched_at
2026-04-30T03:00:48,3637,470004,1,420,logs/match_*.jsonl + matched_at
2026-04-30T03:02:46,3639,470656,2,652,logs/match_*.jsonl + matched_at
2026-04-30T03:03:04,3641,470904,2,248,logs/match_*.jsonl + matched_at
2026-04-30T03:04:54,3643,471200,2,296,logs/match_*.jsonl + matched_at
2026-04-30T03:05:59,3645,471424,2,224,logs/match_*.jsonl + matched_at
2026-04-30T03:09:54,3646,471524,1,100,logs/match_*.jsonl + matched_at
2026-04-30T03:17:20,3647,471644,1,120,logs/match_*.jsonl + matched_at
2026-04-30T03:19:36,3648,471748,1,104,logs/match_*.jsonl + matched_at
2026-04-30T03:24:49,3650,472016,2,268,logs/match_*.jsonl + matched_at
2026-04-30T03:26:27,3651,472088,1,72,logs/match_*.jsonl + matched_at
2026-04-30T03:28:55,3653,472396,2,308,logs/match_*.jsonl + matched_at
2026-04-30T03:34:26,3654,472672,1,276,logs/match_*.jsonl + matched_at
2026-04-30T03:37:54,3656,472912,2,240,logs/match_*.jsonl + matched_at
2026-04-30T03:41:38,3658,473336,2,424,logs/match_*.jsonl + matched_at
2026-04-30T03:43:06,3660,473784,2,448,logs/match_*.jsonl + matched_at
2026-04-30T03:44:40,3661,473868,1,84,logs/match_*.jsonl + matched_at
2026-04-30T03:45:02,3663,474016,2,148,logs/match_*.jsonl + matched_at
2026-04-30T03:47:37,3665,474216,2,200,logs/match_*.jsonl + matched_at
2026-04-30T03:50:33,3666,474304,1,88,logs/match_*.jsonl + matched_at
2026-04-30T03:52:57,3667,474816,1,512,logs/match_*.jsonl + matched_at
2026-04-30T03:57:30,3669,475068,2,252,logs/match_*.jsonl + matched_at
2026-04-30T04:00:50,3671,475428,2,360,logs/match_*.jsonl + matched_at
2026-04-30T04:01:36,3673,475732,2,304,logs/match_*.jsonl + matched_at
2026-04-30T04:04:14,3675,476056,2,324,logs/match_*.jsonl + matched_at
2026-04-30T04:04:26,3677,476260,2,204,logs/match_*.jsonl + matched_at
2026-04-30T04:05:56,3678,476448,1,188,logs/match_*.jsonl + matched_at
2026-04-30T04:05:59,3680,476600,2,152,logs/match_*.jsonl + matched_at
2026-04-30T04:10:00,3682,476844,2,244,logs/match_*.jsonl + matched_at
2026-04-30T04:14:06,3684,477172,2,328,logs/match_*.jsonl + matched_at
2026-04-30T04:16:10,3685,477284,1,112,logs/match_*.jsonl + matched_at
2026-04-30T04:19:35,3686,477440,1,156,logs/match_*.jsonl + matched_at
2026-04-30T04:24:42,3688,477860,2,420,logs/match_*.jsonl + matched_at
2026-04-30T04:30:03,3689,478036,1,176,logs/match_*.jsonl + matched_at
2026-04-30T04:32:25,3691,478728,2,692,logs/match_*.jsonl + matched_at
2026-04-30T04:33:53,3693,479320,2,592,logs/match_*.jsonl + matched_at
2026-04-30T04:35:11,3695,479880,2,560,logs/match_*.jsonl + matched_at
2026-04-30T04:36:34,3697,480300,2,420,logs/match_*.jsonl + matched_at
2026-04-30T04:39:34,3698,480376,1,76,logs/match_*.jsonl + matched_at
2026-04-30T04:40:09,3700,480788,2,412,logs/match_*.jsonl + matched_at
2026-04-30T04:50:10,3702,480940,2,152,logs/match_*.jsonl + matched_at
2026-04-30T04:52:05,3704,481224,2,284,logs/match_*.jsonl + matched_at
2026-04-30T04:53:33,3706,481528,2,304,logs/match_*.jsonl + matched_at
2026-04-30T04:55:34,3707,481624,1,96,logs/match_*.jsonl + matched_at
2026-04-30T04:59:51,3708,481708,1,84,logs/match_*.jsonl + matched_at
2026-04-30T05:01:47,3709,481792,1,84,logs/match_*.jsonl + matched_at
2026-04-30T05:04:33,3711,482080,2,288,logs/match_*.jsonl + matched_at
2026-04-30T05:07:51,3712,482168,1,88,logs/match_*.jsonl + matched_at
2026-04-30T05:11:01,3713,482320,1,152,logs/match_*.jsonl + matched_at
2026-04-30T05:13:28,3715,482580,2,260,logs/match_*.jsonl + matched_at
2026-04-30T05:14:42,3716,482748,1,168,logs/match_*.jsonl + matched_at
2026-04-30T05:15:46,3718,482972,2,224,logs/match_*.jsonl + matched_at
2026-04-30T05:17:48,3720,483236,2,264,logs/match_*.jsonl + matched_at
2026-04-30T05:19:25,3721,483392,1,156,logs/match_*.jsonl + matched_at
2026-04-30T05:27:06,3722,483472,1,80,logs/match_*.jsonl + matched_at
2026-04-30T05:29:18,3723,483544,1,72,logs/match_*.jsonl + matched_at
2026-04-30T05:42:43,3724,483728,1,184,logs/match_*.jsonl + matched_at
2026-04-30T05:56:45,3726,484104,2,376,logs/match_*.jsonl + matched_at
2026-04-30T05:58:01,3727,484292,1,188,logs/match_*.jsonl + matched_at
2026-04-30T05:59:35,3729,484668,2,376,logs/match_*.jsonl + matched_at
2026-04-30T06:00:08,3731,485044,2,376,logs/match_*.jsonl + matched_at
2026-04-30T06:03:01,3733,485308,2,264,logs/match_*.jsonl + matched_at
2026-04-30T06:04:06,3735,485588,2,280,logs/match_*.jsonl + matched_at
2026-04-30T06:11:25,3736,485988,1,400,logs/match_*.jsonl + matched_at
2026-04-30T06:18:12,3737,486180,1,192,logs/match_*.jsonl + matched_at
2026-04-30T06:21:19,3738,486332,1,152,logs/match_*.jsonl + matched_at
2026-04-30T06:25:54,3739,486420,1,88,logs/match_*.jsonl + matched_at
2026-04-30T06:26:47,3740,486616,1,196,logs/match_*.jsonl + matched_at
2026-04-30T06:30:04,3741,486824,1,208,logs/match_*.jsonl + matched_at
2026-04-30T06:34:06,3742,487032,1,208,logs/match_*.jsonl + matched_at
2026-04-30T06:35:05,3743,487236,1,204,logs/match_*.jsonl + matched_at
2026-04-30T06:44:41,3744,487448,1,212,logs/match_*.jsonl + matched_at
2026-04-30T06:57:22,3745,487664,1,216,logs/match_*.jsonl + matched_at
2026-04-30T07:02:22,3746,487740,1,76,logs/match_*.jsonl + matched_at
2026-04-30T07:07:20,3748,488048,2,308,logs/match_*.jsonl + matched_at
2026-04-30T07:12:09,3749,488176,1,128,logs/match_*.jsonl + matched_at
2026-04-30T07:19:42,3750,488248,1,72,logs/match_*.jsonl + matched_at
2026-04-30T07:23:54,3752,488792,2,544,logs/match_*.jsonl + matched_at
2026-04-30T07:25:46,3754,489160,2,368,logs/match_*.jsonl + matched_at
2026-04-30T07:27:53,3756,489712,2,552,logs/match_*.jsonl + matched_at
2026-04-30T07:28:39,3757,489980,1,268,logs/match_*.jsonl + matched_at
2026-04-30T07:29:54,3759,490480,2,500,logs/match_*.jsonl + matched_at
2026-04-30T07:30:39,3761,491032,2,552,logs/match_*.jsonl + matched_at
2026-04-30T07:34:04,3763,491468,2,436,logs/match_*.jsonl + matched_at
2026-04-30T07:39:51,3764,491584,1,116,logs/match_*.jsonl + matched_at
2026-04-30T07:46:46,3766,492052,2,468,logs/match_*.jsonl + matched_at
2026-04-30T07:47:15,3768,492300,2,248,logs/match_*.jsonl + matched_at
2026-04-30T07:53:38,3770,492600,2,300,logs/match_*.jsonl + matched_at
2026-04-30T08:00:28,3772,492904,2,304,logs/match_*.jsonl + matched_at
2026-04-30T08:02:53,3774,493140,2,236,logs/match_*.jsonl + matched_at
2026-04-30T08:05:23,3776,493452,2,312,logs/match_*.jsonl + matched_at
2026-04-30T08:07:50,3778,493776,2,324,logs/match_*.jsonl + matched_at
2026-04-30T08:12:49,3779,493928,1,152,logs/match_*.jsonl + matched_at
2026-04-30T08:13:09,3780,494092,1,164,logs/match_*.jsonl + matched_at
2026-04-30T08:19:27,3782,494444,2,352,logs/match_*.jsonl + matched_at
2026-04-30T08:21:19,3784,494796,2,352,logs/match_*.jsonl + matched_at
2026-04-30T08:26:49,3785,494972,1,176,logs/match_*.jsonl + matched_at
2026-04-30T08:26:56,3786,495152,1,180,logs/match_*.jsonl + matched_at
2026-04-30T11:16:10,3787,495356,1,204,logs/match_*.jsonl + matched_at
2026-04-30T11:18:31,3788,495540,1,184,logs/match_*.jsonl + matched_at
2026-04-30T11:24:27,3789,495744,1,204,logs/match_*.jsonl + matched_at
2026-04-30T11:28:20,3791,496168,2,424,logs/match_*.jsonl + matched_at
2026-04-30T11:30:14,3793,496592,2,424,logs/match_*.jsonl + matched_at
2026-04-30T11:30:36,3795,497016,2,424,logs/match_*.jsonl + matched_at
2026-04-30T11:30:58,3797,497440,2,424,logs/match_*.jsonl + matched_at
2026-04-30T11:34:35,3799,497864,2,424,logs/match_*.jsonl + matched_at
2026-04-30T11:34:55,3801,498288,2,424,logs/match_*.jsonl + matched_at
2026-04-30T11:35:17,3803,498712,2,424,logs/match_*.jsonl + matched_at
2026-04-30T11:36:53,3805,499136,2,424,logs/match_*.jsonl + matched_at
2026-04-30T11:38:06,3807,499560,2,424,logs/match_*.jsonl + matched_at
2026-04-30T11:38:12,3809,499984,2,424,logs/match_*.jsonl + matched_at
2026-04-30T11:41:01,3811,500408,2,424,logs/match_*.jsonl + matched_at
2026-04-30T11:41:16,3813,500832,2,424,logs/match_*.jsonl + matched_at
2026-04-30T11:41:29,3815,501256,2,424,logs/match_*.jsonl + matched_at
2026-04-30T11:43:20,3817,501680,2,424,logs/match_*.jsonl + matched_at
2026-04-30T11:43:21,3819,502104,2,424,logs/match_*.jsonl + matched_at
2026-04-30T11:44:21,3821,502528,2,424,logs/match_*.jsonl + matched_at
2026-04-30T11:51:00,3822,502740,1,212,logs/match_*.jsonl + matched_at
2026-04-30T11:55:12,3824,503164,2,424,logs/match_*.jsonl + matched_at
2026-04-30T11:57:20,3826,503588,2,424,logs/match_*.jsonl + matched_at
2026-04-30T12:00:27,3827,503800,1,212,logs/match_*.jsonl + matched_at
2026-04-30T12:00:56,3828,504012,1,212,logs/match_*.jsonl + matched_at
2026-04-30T12:03:21,3829,504236,1,224,logs/match_*.jsonl + matched_at
2026-04-30T12:09:30,3831,504664,2,428,logs/match_*.jsonl + matched_at
2026-04-30T12:11:17,3833,505040,2,376,logs/match_*.jsonl + matched_at
2026-04-30T12:11:57,3835,505332,2,292,logs/match_*.jsonl + matched_at
2026-04-30T12:13:27,3837,505804,2,472,logs/match_*.jsonl + matched_at
2026-04-30T12:17:09,3839,506284,2,480,logs/match_*.jsonl + matched_at
2026-04-30T12:17:22,3841,506760,2,476,logs/match_*.jsonl + matched_at
2026-04-30T12:21:39,3843,507040,2,280,logs/match_*.jsonl + matched_at
2026-04-30T12:22:22,3845,507520,2,480,logs/match_*.jsonl + matched_at
2026-04-30T12:23:58,3847,507668,2,148,logs/match_*.jsonl + matched_at
2026-04-30T12:26:45,3849,507996,2,328,logs/match_*.jsonl + matched_at
2026-04-30T12:29:30,3850,508244,1,248,logs/match_*.jsonl + matched_at
2026-04-30T12:34:00,3852,508396,2,152,logs/match_*.jsonl + matched_at
2026-04-30T12:37:40,3853,508636,1,240,logs/match_*.jsonl + matched_at
2026-04-30T12:39:42,3855,508788,2,152,logs/match_*.jsonl + matched_at
2026-04-30T12:40:43,3857,508948,2,160,logs/match_*.jsonl + matched_at
2026-04-30T12:44:47,3859,509108,2,160,logs/match_*.jsonl + matched_at
2026-04-30T12:50:14,3860,509184,1,76,logs/match_*.jsonl + matched_at
2026-04-30T12:53:06,3861,509264,1,80,logs/match_*.jsonl + matched_at
2026-04-30T12:54:48,3863,509792,2,528,logs/match_*.jsonl + matched_at
2026-04-30T12:56:50,3865,509968,2,176,logs/match_*.jsonl + matched_at
2026-04-30T12:58:57,3867,510148,2,180,logs/match_*.jsonl + matched_at
2026-04-30T12:59:43,3869,510324,2,176,logs/match_*.jsonl + matched_at
2026-04-30T13:01:40,3871,510520,2,196,logs/match_*.jsonl + matched_at
2026-04-30T13:06:29,3873,510696,2,176,logs/match_*.jsonl + matched_at
2026-04-30T13:06:58,3875,510888,2,192,logs/match_*.jsonl + matched_at
2026-04-30T13:09:07,3876,510980,1,92,logs/match_*.jsonl + matched_at
2026-04-30T13:12:17,3878,511164,2,184,logs/match_*.jsonl + matched_at
2026-04-30T13:15:24,3879,511264,1,100,logs/match_*.jsonl + matched_at
2026-04-30T13:17:57,3880,511356,1,92,logs/match_*.jsonl + matched_at
2026-04-30T13:20:39,3881,511448,1,92,logs/match_*.jsonl + matched_at
2026-04-30T13:21:50,3883,511992,2,544,logs/match_*.jsonl + matched_at
2026-04-30T13:22:42,3885,512536,2,544,logs/match_*.jsonl + matched_at
2026-04-30T13:26:10,3887,512904,2,368,logs/match_*.jsonl + matched_at
2026-04-30T13:29:18,3888,512996,1,92,logs/match_*.jsonl + matched_at
2026-04-30T13:29:25,3889,513092,1,96,logs/match_*.jsonl + matched_at
2026-04-30T13:33:14,3890,513188,1,96,logs/match_*.jsonl + matched_at
2026-04-30T13:34:45,3892,513380,2,192,logs/match_*.jsonl + matched_at
2026-04-30T13:38:14,3894,513640,2,260,logs/match_*.jsonl + matched_at
2026-04-30T13:40:14,3895,513740,1,100,logs/match_*.jsonl + matched_at
2026-04-30T13:40:57,3897,513940,2,200,logs/match_*.jsonl + matched_at
2026-04-30T13:46:29,3899,514112,2,172,logs/match_*.jsonl + matched_at
2026-04-30T13:48:42,3900,514212,1,100,logs/match_*.jsonl + matched_at
2026-04-30T13:51:40,3902,514408,2,196,logs/match_*.jsonl + matched_at
2026-04-30T13:54:26,3904,514608,2,200,logs/match_*.jsonl + matched_at
2026-04-30T13:56:16,3906,514888,2,280,logs/match_*.jsonl + matched_at
2026-04-30T13:59:02,3908,515224,2,336,logs/match_*.jsonl + matched_at
2026-04-30T14:06:21,3910,515312,2,88,logs/match_*.jsonl + matched_at
2026-04-30T14:06:27,3911,515604,1,292,logs/match_*.jsonl + matched_at
2026-04-30T14:13:45,3913,515820,2,216,logs/match_*.jsonl + matched_at
2026-04-30T14:16:56,3915,516064,2,244,logs/match_*.jsonl + matched_at
2026-04-30T14:20:22,3916,516240,1,176,logs/match_*.jsonl + matched_at
2026-04-30T14:30:58,3917,516372,1,132,logs/match_*.jsonl + matched_at
2026-04-30T14:34:02,3919,516552,2,180,logs/match_*.jsonl + matched_at
2026-04-30T14:37:43,3920,516640,1,88,logs/match_*.jsonl + matched_at
2026-04-30T14:43:23,3921,516684,1,44,logs/match_*.jsonl + matched_at
2026-04-30T15:00:49,3923,516876,2,192,logs/match_*.jsonl + matched_at
2026-04-30T15:06:20,3924,516988,1,112,logs/match_*.jsonl + matched_at
2026-04-30T15:21:39,3926,517260,2,272,logs/match_*.jsonl + matched_at
2026-04-30T15:33:00,3927,517328,1,68,logs/match_*.jsonl + matched_at
2026-04-30T15:35:36,3929,517524,2,196,logs/match_*.jsonl + matched_at
2026-04-30T15:37:28,3931,517616,2,92,logs/match_*.jsonl + matched_at
2026-04-30T15:40:36,3933,517860,2,244,logs/match_*.jsonl + matched_at
2026-04-30T15:40:53,3935,518092,2,232,logs/match_*.jsonl + matched_at
2026-04-30T15:54:44,3936,518244,1,152,logs/match_*.jsonl + matched_at
2026-04-30T15:56:32,3937,518396,1,152,logs/match_*.jsonl + matched_at
2026-04-30T15:57:55,3939,518556,2,160,logs/match_*.jsonl + matched_at
2026-04-30T16:01:15,3940,518604,1,48,logs/match_*.jsonl + matched_at
2026-04-30T16:09:02,3941,518664,1,60,logs/match_*.jsonl + matched_at
2026-04-30T16:09:19,3942,518712,1,48,logs/match_*.jsonl + matched_at
2026-04-30T16:12:33,3944,519004,2,292,logs/match_*.jsonl + matched_at
2026-04-30T16:12:49,3945,519124,1,120,logs/match_*.jsonl + matched_at
2026-04-30T16:19:30,3947,519216,2,92,logs/match_*.jsonl + matched_at
2026-04-30T16:22:12,3948,519268,1,52,logs/match_*.jsonl + matched_at
2026-04-30T16:25:10,3949,519472,1,204,logs/match_*.jsonl + matched_at
2026-04-30T16:28:03,3951,519612,2,140,logs/match_*.jsonl + matched_at
2026-04-30T16:33:40,3952,519712,1,100,logs/match_*.jsonl + matched_at
2026-04-30T16:34:10,3954,520100,2,388,logs/match_*.jsonl + matched_at
2026-04-30T16:35:03,3956,520320,2,220,logs/match_*.jsonl + matched_at
2026-04-30T16:36:28,3958,520700,2,380,logs/match_*.jsonl + matched_at
2026-04-30T16:38:06,3960,520796,2,96,logs/match_*.jsonl + matched_at
2026-04-30T16:40:35,3961,520988,1,192,logs/match_*.jsonl + matched_at
2026-04-30T16:41:30,3963,521352,2,364,logs/match_*.jsonl + matched_at
2026-04-30T16:49:14,3964,521548,1,196,logs/match_*.jsonl + matched_at
2026-04-30T16:54:02,3965,521660,1,112,logs/match_*.jsonl + matched_at
2026-04-30T17:14:26,3966,521764,1,104,logs/match_*.jsonl + matched_at
2026-04-30T17:26:43,3967,521888,1,124,logs/match_*.jsonl + matched_at
2026-04-30T18:36:23,3968,522184,1,296,logs/match_*.jsonl + matched_at
2026-04-30T18:37:41,3969,522552,1,368,logs/match_*.jsonl + matched_at
2026-04-30T18:48:53,3970,522812,1,260,logs/match_*.jsonl + matched_at
2026-04-30T20:22:45,3971,522888,1,76,logs/match_*.jsonl + matched_at
2026-04-30T20:26:11,3972,523100,1,212,logs/match_*.jsonl + matched_at
2026-04-30T20:29:13,3973,523148,1,48,logs/match_*.jsonl + matched_at
2026-04-30T20:30:22,3974,523196,1,48,logs/match_*.jsonl + matched_at
2026-04-30T20:30:42,3975,523324,1,128,logs/match_*.jsonl + matched_at
2026-04-30T20:31:48,3976,523372,1,48,logs/match_*.jsonl + matched_at
2026-04-30T20:34:02,3977,523420,1,48,logs/match_*.jsonl + matched_at
2026-04-30T20:34:11,3978,523464,1,44,logs/match_*.jsonl + matched_at
2026-04-30T20:35:20,3979,523520,1,56,logs/match_*.jsonl + matched_at
2026-04-30T20:41:27,3980,523672,1,152,logs/match_*.jsonl + matched_at
2026-04-30T20:43:37,3981,523988,1,316,logs/match_*.jsonl + matched_at
2026-04-30T20:44:05,3982,524168,1,180,logs/match_*.jsonl + matched_at
2026-04-30T20:45:07,3983,524520,1,352,logs/match_*.jsonl + matched_at
2026-04-30T20:45:52,3984,524644,1,124,logs/match_*.jsonl + matched_at
2026-04-30T20:47:52,3985,524876,1,232,logs/match_*.jsonl + matched_at
2026-04-30T20:50:46,3986,525056,1,180,logs/match_*.jsonl + matched_at
2026-04-30T21:15:39,3987,525408,1,352,logs/match_*.jsonl + matched_at
2026-04-30T21:30:15,3988,525696,1,288,logs/match_*.jsonl + matched_at
2026-04-30T21:34:50,3989,525984,1,288,logs/match_*.jsonl + matched_at
2026-04-30T21:36:32,3990,526440,1,456,logs/match_*.jsonl + matched_at
2026-04-30T21:40:25,3991,526736,1,296,logs/match_*.jsonl + matched_at
2026-04-30T21:43:17,3992,527048,1,312,logs/match_*.jsonl + matched_at
2026-04-30T21:43:56,3993,527520,1,472,logs/match_*.jsonl + matched_at
2026-04-30T23:24:37,3995,527744,2,224,logs/match_*.jsonl + matched_at
2026-04-30T23:30:22,3996,527784,1,40,logs/match_*.jsonl + matched_at
2026-04-30T23:30:41,3998,528172,2,388,logs/match_*.jsonl + matched_at
2026-04-30T23:30:49,4000,528672,2,500,logs/match_*.jsonl + matched_at
2026-04-30T23:35:01,4002,528944,2,272,logs/match_*.jsonl + matched_at
2026-04-30T23:52:36,4004,529176,2,232,logs/match_*.jsonl + matched_at
2026-04-30T23:56:48,4005,529320,1,144,logs/match_*.jsonl + matched_at
2026-04-30T23:57:04,4007,529596,2,276,logs/match_*.jsonl + matched_at
2026-05-01T00:00:14,4009,529868,2,272,logs/match_*.jsonl + matched_at
2026-05-01T00:08:10,4010,529992,1,124,logs/match_*.jsonl + matched_at
2026-05-01T00:09:41,4011,530120,1,128,logs/match_*.jsonl + matched_at
2026-05-01T00:12:47,4013,530404,2,284,logs/match_*.jsonl + matched_at
2026-05-01T00:16:05,4014,530580,1,176,logs/match_*.jsonl + matched_at
2026-05-01T00:22:38,4015,530876,1,296,logs/match_*.jsonl + matched_at
2026-05-01T00:25:35,4016,531088,1,212,logs/match_*.jsonl + matched_at
2026-05-01T00:32:13,4018,531348,2,260,logs/match_*.jsonl + matched_at
2026-05-01T00:39:03,4019,531636,1,288,logs/match_*.jsonl + matched_at
2026-05-01T00:40:12,4021,531856,2,220,logs/match_*.jsonl + matched_at
2026-05-01T00:54:46,4022,531976,1,120,logs/match_*.jsonl + matched_at
2026-05-01T01:00:55,4024,532224,2,248,logs/match_*.jsonl + matched_at
2026-05-01T01:26:21,4025,532344,1,120,logs/match_*.jsonl + matched_at
2026-05-01T01:29:23,4026,532596,1,252,logs/match_*.jsonl + matched_at
2026-05-01T01:29:50,4028,532816,2,220,logs/match_*.jsonl + matched_at
2026-05-01T01:34:05,4030,533072,2,256,logs/match_*.jsonl + matched_at
2026-05-01T01:37:03,4032,533348,2,276,logs/match_*.jsonl + matched_at
2026-05-01T01:39:49,4034,533764,2,416,logs/match_*.jsonl + matched_at
2026-05-01T01:51:49,4036,534188,2,424,logs/match_*.jsonl + matched_at
2026-05-01T01:51:58,4037,534300,1,112,logs/match_*.jsonl + matched_at
2026-05-01T01:53:31,4038,534432,1,132,logs/match_*.jsonl + matched_at
2026-05-01T01:54:20,4039,534560,1,128,logs/match_*.jsonl + matched_at
2026-05-01T02:02:49,4040,534700,1,140,logs/match_*.jsonl + matched_at
2026-05-01T02:02:58,4041,534876,1,176,logs/match_*.jsonl + matched_at
2026-05-03T23:02:59,4042,534900,1,24,logs/match_*.jsonl + matched_at
2026-05-03T23:28:48,4044,535140,2,240,logs/match_*.jsonl + matched_at
2026-05-03T23:31:30,4046,535380,2,240,logs/match_*.jsonl + matched_at
2026-05-03T23:38:29,4047,535500,1,120,logs/match_*.jsonl + matched_at
2026-05-03T23:39:45,4050,535832,3,332,logs/match_*.jsonl + matched_at
2026-05-03T23:48:03,4053,536408,3,576,logs/match_*.jsonl + matched_at
2026-05-03T23:57:55,4056,537016,3,608,logs/match_*.jsonl + matched_at
2026-05-04T00:03:45,4058,537256,2,240,logs/match_*.jsonl + matched_at
2026-05-04T00:19:56,4059,537388,1,132,logs/match_*.jsonl + matched_at
2026-05-04T00:34:18,4060,537520,1,132,logs/match_*.jsonl + matched_at
2026-05-04T00:43:19,4062,537808,2,288,logs/match_*.jsonl + matched_at
2026-05-04T00:48:24,4063,537944,1,136,logs/match_*.jsonl + matched_at
2026-05-04T01:04:20,4064,538172,1,228,logs/match_*.jsonl + matched_at
2026-05-04T01:22:12,4067,538628,3,456,logs/match_*.jsonl + matched_at
2026-05-04T01:35:35,4070,539252,3,624,logs/match_*.jsonl + matched_at
2026-05-04T01:48:28,4072,539700,2,448,logs/match_*.jsonl + matched_at
2026-05-04T02:25:39,4073,539860,1,160,logs/match_*.jsonl + matched_at
2026-05-04T03:09:00,4074,540024,1,164,logs/match_*.jsonl + matched_at
2026-05-04T03:39:01,4075,540196,1,172,logs/match_*.jsonl + matched_at
2026-05-04T03:56:01,4076,540356,1,160,logs/match_*.jsonl + matched_at
2026-05-04T05:26:47,4079,540888,3,532,logs/match_*.jsonl + matched_at
2026-05-04T05:54:24,4080,541068,1,180,logs/match_*.jsonl + matched_at
2026-05-04T06:06:51,4083,541620,3,552,logs/match_*.jsonl + matched_at
2026-05-04T06:09:50,4086,542404,3,784,logs/match_*.jsonl + matched_at
2026-05-04T06:13:27,4089,543188,3,784,logs/match_*.jsonl + matched_at
2026-05-04T07:07:13,4091,543640,2,452,logs/match_*.jsonl + matched_at
2026-05-04T07:23:46,4092,543852,1,212,logs/match_*.jsonl + matched_at
2026-05-04T08:18:06,4094,544360,2,508,logs/match_*.jsonl + matched_at
2026-05-04T08:33:35,4096,544784,2,424,logs/match_*.jsonl + matched_at
2026-05-04T08:34:34,4098,545156,2,372,logs/match_*.jsonl + matched_at
2026-05-04T09:05:41,4099,545384,1,228,logs/match_*.jsonl + matched_at
2026-05-04T09:26:58,4100,545612,1,228,logs/match_*.jsonl + matched_at
2026-05-05T12:37:42,4102,546200,2,588,logs/match_*.jsonl + matched_at
2026-05-05T12:37:50,4104,546796,2,596,logs/match_*.jsonl + matched_at
2026-05-05T12:38:35,4106,547404,2,608,logs/match_*.jsonl + matched_at
2026-05-05T12:39:14,4108,548020,2,616,logs/match_*.jsonl + matched_at
2026-05-05T12:40:22,4110,548608,2,588,logs/match_*.jsonl + matched_at
2026-05-05T12:40:59,4112,549196,2,588,logs/match_*.jsonl + matched_at
2026-05-05T12:41:01,4114,549804,2,608,logs/match_*.jsonl + matched_at
2026-05-05T12:41:56,4116,550412,2,608,logs/match_*.jsonl + matched_at
2026-05-05T12:42:23,4118,551000,2,588,logs/match_*.jsonl + matched_at
2026-05-05T12:43:33,4120,551608,2,608,logs/match_*.jsonl + matched_at
2026-05-05T12:43:36,4122,552196,2,588,logs/match_*.jsonl + matched_at
2026-05-05T12:44:25,4124,552804,2,608,logs/match_*.jsonl + matched_at
2026-05-05T12:45:36,4126,553400,2,596,logs/match_*.jsonl + matched_at
2026-05-05T12:45:38,4128,553988,2,588,logs/match_*.jsonl + matched_at
2026-05-05T12:46:32,4130,554596,2,608,logs/match_*.jsonl + matched_at
2026-05-05T12:46:33,4132,555212,2,616,logs/match_*.jsonl + matched_at
2026-05-05T12:48:04,4134,555808,2,596,logs/match_*.jsonl + matched_at
2026-05-05T12:48:24,4136,556404,2,596,logs/match_*.jsonl + matched_at
2026-05-05T12:48:54,4138,557020,2,616,logs/match_*.jsonl + matched_at
2026-05-05T12:49:06,4140,557636,2,616,logs/match_*.jsonl + matched_at
2026-05-05T12:50:36,4142,558232,2,596,logs/match_*.jsonl + matched_at
2026-05-05T12:50:45,4144,558828,2,596,logs/match_*.jsonl + matched_at
2026-05-05T12:51:23,4146,559444,2,616,logs/match_*.jsonl + matched_at
2026-05-05T12:51:54,4148,560060,2,616,logs/match_*.jsonl + matched_at
2026-05-05T12:53:11,4150,560656,2,596,logs/match_*.jsonl + matched_at
2026-05-05T12:53:53,4152,561244,2,588,logs/match_*.jsonl + matched_at
2026-05-05T12:54:21,4154,561860,2,616,logs/match_*.jsonl + matched_at
2026-05-05T12:54:58,4156,562468,2,608,logs/match_*.jsonl + matched_at
2026-05-05T12:56:57,4158,563064,2,596,logs/match_*.jsonl + matched_at
2026-05-05T12:57:46,4160,563680,2,616,logs/match_*.jsonl + matched_at
2026-05-05T12:58:15,4162,564276,2,596,logs/match_*.jsonl + matched_at
2026-05-05T12:59:16,4164,564892,2,616,logs/match_*.jsonl + matched_at
2026-05-05T12:59:40,4166,565488,2,596,logs/match_*.jsonl + matched_at
2026-05-05T13:00:19,4168,566084,2,596,logs/match_*.jsonl + matched_at
2026-05-05T13:00:46,4170,566700,2,616,logs/match_*.jsonl + matched_at
2026-05-05T13:01:04,4172,567316,2,616,logs/match_*.jsonl + matched_at
2026-05-05T13:02:48,4174,567912,2,596,logs/match_*.jsonl + matched_at
2026-05-05T13:03:34,4176,568508,2,596,logs/match_*.jsonl + matched_at
2026-05-05T13:03:43,4178,569124,2,616,logs/match_*.jsonl + matched_at
2026-05-05T13:04:19,4180,569740,2,616,logs/match_*.jsonl + matched_at
2026-05-05T13:05:19,4182,570356,2,616,logs/match_*.jsonl + matched_at
2026-05-05T13:05:24,4184,570952,2,596,logs/match_*.jsonl + matched_at
2026-05-05T13:06:05,4186,571568,2,616,logs/match_*.jsonl + matched_at
2026-05-05T13:06:29,4188,572164,2,596,logs/match_*.jsonl + matched_at
2026-05-05T13:07:16,4190,572780,2,616,logs/match_*.jsonl + matched_at
2026-05-05T13:07:51,4192,573376,2,596,logs/match_*.jsonl + matched_at
2026-05-05T13:08:40,4194,573992,2,616,logs/match_*.jsonl + matched_at
2026-05-05T13:08:54,4196,574588,2,596,logs/match_*.jsonl + matched_at
2026-05-05T13:09:54,4198,575204,2,616,logs/match_*.jsonl + matched_at
2026-05-05T13:10:07,4200,575800,2,596,logs/match_*.jsonl + matched_at
2026-05-05T13:11:31,4202,576416,2,616,logs/match_*.jsonl + matched_at
2026-05-05T13:12:00,4204,577012,2,596,logs/match_*.jsonl + matched_at
2026-05-05T13:13:06,4206,577608,2,596,logs/match_*.jsonl + matched_at
2026-05-05T13:13:48,4208,578224,2,616,logs/match_*.jsonl + matched_at
2026-05-05T13:14:18,4210,578840,2,616,logs/match_*.jsonl + matched_at
2026-05-05T13:15:36,4212,579440,2,600,logs/match_*.jsonl + matched_at
2026-05-05T13:16:07,4214,580036,2,596,logs/match_*.jsonl + matched_at
2026-05-05T13:17:21,4216,580652,2,616,logs/match_*.jsonl + matched_at
2026-05-05T13:17:59,4218,581264,2,612,logs/match_*.jsonl + matched_at
2026-05-05T13:18:36,4220,581860,2,596,logs/match_*.jsonl + matched_at
2026-05-05T13:19:13,4222,582460,2,600,logs/match_*.jsonl + matched_at
2026-05-05T13:20:02,4224,583076,2,616,logs/match_*.jsonl + matched_at
2026-05-05T13:21:17,4226,583688,2,612,logs/match_*.jsonl + matched_at
2026-05-05T13:21:56,4228,584284,2,596,logs/match_*.jsonl + matched_at
2026-05-05T13:22:20,4230,584884,2,600,logs/match_*.jsonl + matched_at
2026-05-05T13:23:09,4232,585500,2,616,logs/match_*.jsonl + matched_at
2026-05-05T13:24:12,4234,586112,2,612,logs/match_*.jsonl + matched_at
2026-05-05T13:24:36,4236,586708,2,596,logs/match_*.jsonl + matched_at
2026-05-05T13:25:10,4238,587308,2,600,logs/match_*.jsonl + matched_at
2026-05-05T13:25:31,4240,587924,2,616,logs/match_*.jsonl + matched_at
2026-05-05T13:27:22,4242,588520,2,596,logs/match_*.jsonl + matched_at
2026-05-05T13:27:53,4244,589132,2,612,logs/match_*.jsonl + matched_at
2026-05-05T13:28:09,4246,589748,2,616,logs/match_*.jsonl + matched_at
2026-05-05T13:28:55,4248,590348,2,600,logs/match_*.jsonl + matched_at
2026-05-05T13:29:39,4250,590944,2,596,logs/match_*.jsonl + matched_at
2026-05-05T13:30:33,4252,591560,2,616,logs/match_*.jsonl + matched_at
2026-05-05T13:30:47,4254,592172,2,612,logs/match_*.jsonl + matched_at
2026-05-05T13:31:47,4256,592772,2,600,logs/match_*.jsonl + matched_at
2026-05-05T13:32:03,4258,593388,2,616,logs/match_*.jsonl + matched_at
2026-05-05T13:33:53,4260,594000,2,612,logs/match_*.jsonl + matched_at
2026-05-05T13:34:58,4262,594600,2,600,logs/match_*.jsonl + matched_at
2026-05-05T13:37:31,4264,595136,2,536,logs/match_*.jsonl + matched_at
2026-05-05T13:51:45,4265,595432,1,296,logs/match_*.jsonl + matched_at
2026-05-05T15:14:19,4267,595772,2,340,logs/match_*.jsonl + matched_at
2026-05-05T16:31:08,4268,595804,1,32,logs/match_*.jsonl + matched_at
2026-05-05T16:41:57,4269,595860,1,56,logs/match_*.jsonl + matched_at
2026-05-05T18:06:07,4271,596140,2,280,logs/match_*.jsonl + matched_at
2026-05-05T19:20:58,4273,596356,2,216,logs/match_*.jsonl + matched_at
2026-05-05T19:36:51,4274,596468,1,112,logs/match_*.jsonl + matched_at
2026-05-05T19:39:18,4275,596596,1,128,logs/match_*.jsonl + matched_at
2026-05-05T19:41:52,4277,596848,2,252,logs/match_*.jsonl + matched_at
2026-05-05T19:44:04,4279,597112,2,264,logs/match_*.jsonl + matched_at
2026-05-05T19:45:24,4281,597372,2,260,logs/match_*.jsonl + matched_at
2026-05-05T19:57:38,4283,597656,2,284,logs/match_*.jsonl + matched_at
2026-05-05T20:17:29,4284,597804,1,148,logs/match_*.jsonl + matched_at
2026-05-05T20:25:06,4285,597968,1,164,logs/match_*.jsonl + matched_at
2026-05-05T23:52:33,4287,598316,2,348,logs/match_*.jsonl + matched_at
2026-05-06T00:32:02,4288,598476,1,160,logs/match_*.jsonl + matched_at
2026-05-06T00:52:54,4289,598640,1,164,logs/match_*.jsonl + matched_at
2026-05-06T01:03:09,4291,598968,2,328,logs/match_*.jsonl + matched_at
2026-05-06T01:24:53,4292,599132,1,164,logs/match_*.jsonl + matched_at
2026-05-06T01:39:56,4293,599348,1,216,logs/match_*.jsonl + matched_at
2026-05-06T01:56:48,4294,599516,1,168,logs/match_*.jsonl + matched_at
2026-05-06T02:14:56,4295,599684,1,168,logs/match_*.jsonl + matched_at
2026-05-06T02:39:01,4296,599868,1,184,logs/match_*.jsonl + matched_at
2026-05-06T02:56:16,4298,600240,2,372,logs/match_*.jsonl + matched_at
2026-05-06T03:22:46,4299,600428,1,188,logs/match_*.jsonl + matched_at
2026-05-06T03:53:50,4300,600616,1,188,logs/match_*.jsonl + matched_at
2026-05-06T16:07:57,4302,601096,2,480,logs/match_*.jsonl + matched_at
2026-05-06T16:12:24,4303,601224,1,128,logs/match_*.jsonl + matched_at
2026-05-06T16:18:57,4304,601352,1,128,logs/match_*.jsonl + matched_at
2026-05-06T16:25:43,4305,601552,1,200,logs/match_*.jsonl + matched_at
2026-05-06T16:40:16,4306,601728,1,176,logs/match_*.jsonl + matched_at
2026-05-06T16:44:43,4308,602048,2,320,logs/match_*.jsonl + matched_at
2026-05-06T16:56:57,4310,602420,2,372,logs/match_*.jsonl + matched_at
2026-05-06T16:58:49,4311,602620,1,200,logs/match_*.jsonl + matched_at
2026-05-06T17:06:50,4313,602996,2,376,logs/match_*.jsonl + matched_at
2026-05-06T17:34:55,4315,603428,2,432,logs/match_*.jsonl + matched_at
2026-05-06T17:57:31,4316,603592,1,164,logs/match_*.jsonl + matched_at
2026-05-06T18:07:03,4317,603728,1,136,logs/match_*.jsonl + matched_at
2026-05-06T18:10:22,4318,603932,1,204,logs/match_*.jsonl + matched_at
2026-05-06T18:12:59,4320,604344,2,412,logs/match_*.jsonl + matched_at
2026-05-06T18:18:05,4322,604748,2,404,logs/match_*.jsonl + matched_at
2026-05-06T18:18:43,4323,604932,1,184,logs/match_*.jsonl + matched_at
2026-05-06T18:21:06,4325,605284,2,352,logs/match_*.jsonl + matched_at
2026-05-06T18:22:28,4327,605552,2,268,logs/match_*.jsonl + matched_at
2026-05-06T18:22:37,4329,605996,2,444,logs/match_*.jsonl + matched_at
2026-05-06T18:26:20,4331,606316,2,320,logs/match_*.jsonl + matched_at
2026-05-06T18:34:12,4333,606684,2,368,logs/match_*.jsonl + matched_at
2026-05-06T18:36:33,4335,607052,2,368,logs/match_*.jsonl + matched_at
2026-05-06T18:38:55,4337,607420,2,368,logs/match_*.jsonl + matched_at
2026-05-06T18:39:46,4338,607596,1,176,logs/match_*.jsonl + matched_at
2026-05-06T18:43:57,4340,607972,2,376,logs/match_*.jsonl + matched_at
2026-05-06T18:45:12,4342,608372,2,400,logs/match_*.jsonl + matched_at
2026-05-06T18:51:44,4344,608812,2,440,logs/match_*.jsonl + matched_at
2026-05-06T18:55:53,4346,609276,2,464,logs/match_*.jsonl + matched_at
2026-05-06T18:57:50,4347,609484,1,208,logs/match_*.jsonl + matched_at
2026-05-06T19:01:55,4349,609980,2,496,logs/match_*.jsonl + matched_at
2026-05-06T19:05:33,4351,610496,2,516,logs/match_*.jsonl + matched_at
2026-05-06T19:09:44,4352,610740,1,244,logs/match_*.jsonl + matched_at
2026-05-06T19:18:36,4353,611004,1,264,logs/match_*.jsonl + matched_at
2026-05-06T19:19:59,4355,611248,2,244,logs/match_*.jsonl + matched_at
2026-05-06T19:25:33,4357,611596,2,348,logs/match_*.jsonl + matched_at
2026-05-06T19:29:10,4359,612124,2,528,logs/match_*.jsonl + matched_at
2026-05-06T20:13:19,4361,612368,2,244,logs/match_*.jsonl + matched_at
2026-05-06T20:13:31,4362,612684,1,316,logs/match_*.jsonl + matched_at
2026-05-06T20:18:14,4364,612948,2,264,logs/match_*.jsonl + matched_at
2026-05-06T20:32:53,4365,613120,1,172,logs/match_*.jsonl + matched_at
2026-05-06T20:45:24,4366,613292,1,172,logs/match_*.jsonl + matched_at
2026-05-07T00:00:31,4368,613796,2,504,logs/match_*.jsonl + matched_at
2026-05-07T00:03:44,4370,614368,2,572,logs/match_*.jsonl + matched_at
2026-05-07T00:06:07,4372,615268,2,900,logs/match_*.jsonl + matched_at
2026-05-07T00:14:06,4373,615568,1,300,logs/match_*.jsonl + matched_at
2026-05-07T00:15:07,4374,616064,1,496,logs/match_*.jsonl + matched_at
2026-05-07T00:20:51,4376,616712,2,648,logs/match_*.jsonl + matched_at
2026-05-07T00:31:16,4377,617196,1,484,logs/match_*.jsonl + matched_at
2026-05-07T00:47:07,4379,617952,2,756,logs/match_*.jsonl + matched_at
2026-05-07T01:16:12,4380,618484,1,532,logs/match_*.jsonl + matched_at
2026-05-07T01:29:32,4381,618868,1,384,logs/match_*.jsonl + matched_at
2026-05-07T01:34:52,4382,619276,1,408,logs/match_*.jsonl + matched_at
2026-05-07T01:50:17,4383,619780,1,504,logs/match_*.jsonl + matched_at
2026-05-07T02:04:23,4385,621028,2,1248,logs/match_*.jsonl + matched_at
2026-05-07T02:07:40,4386,621628,1,600,logs/match_*.jsonl + matched_at
2026-05-07T02:19:49,4387,622228,1,600,logs/match_*.jsonl + matched_at
2026-05-07T02:23:23,4389,623036,2,808,logs/match_*.jsonl + matched_at
2026-05-07T02:42:53,4390,623568,1,532,logs/match_*.jsonl + matched_at
2026-05-07T02:48:24,4391,624112,1,544,logs/match_*.jsonl + matched_at
2026-05-07T02:59:36,4392,624632,1,520,logs/match_*.jsonl + matched_at
2026-05-07T03:04:10,4394,625176,2,544,logs/match_*.jsonl + matched_at
2026-05-07T03:16:00,4395,625776,1,600,logs/match_*.jsonl + matched_at
2026-05-07T03:22:23,4397,626884,2,1108,logs/match_*.jsonl + matched_at
2026-05-07T03:32:58,4398,627456,1,572,logs/match_*.jsonl + matched_at
2026-05-07T03:36:57,4399,627564,1,108,logs/match_*.jsonl + matched_at
2026-05-07T03:39:20,4400,628120,1,556,logs/match_*.jsonl + matched_at
2026-05-07T04:01:30,4401,628236,1,116,logs/match_*.jsonl + matched_at
2026-05-07T04:04:43,4403,629380,2,1144,logs/match_*.jsonl + matched_at
2026-05-07T04:06:23,4404,629940,1,560,logs/match_*.jsonl + matched_at
2026-05-07T04:22:55,4405,630124,1,184,logs/match_*.jsonl + matched_at
2026-05-07T04:28:08,4406,630308,1,184,logs/match_*.jsonl + matched_at
2026-05-07T04:36:07,4407,630492,1,184,logs/match_*.jsonl + matched_at
2026-05-07T04:45:20,4408,630676,1,184,logs/match_*.jsonl + matched_at
2026-05-07T04:47:04,4409,630876,1,200,logs/match_*.jsonl + matched_at
2026-05-07T04:56:54,4410,631060,1,184,logs/match_*.jsonl + matched_at
2026-05-07T04:59:31,4411,631276,1,216,logs/match_*.jsonl + matched_at
2026-05-07T05:42:12,4412,631920,1,644,logs/match_*.jsonl + matched_at
2026-05-07T06:12:11,4413,632236,1,316,logs/match_*.jsonl + matched_at
2026-05-07T06:59:54,4414,632760,1,524,logs/match_*.jsonl + matched_at
2026-05-07T07:04:20,4415,632980,1,220,logs/match_*.jsonl + matched_at
2026-05-07T07:13:37,4416,633156,1,176,logs/match_*.jsonl + matched_at
2026-05-07T07:14:06,4417,633704,1,548,logs/match_*.jsonl + matched_at
2026-05-07T07:22:22,4418,633796,1,92,logs/match_*.jsonl + matched_at
2026-05-07T07:23:29,4419,633908,1,112,logs/match_*.jsonl + matched_at
2026-05-07T07:30:19,4421,634740,2,832,logs/match_*.jsonl + matched_at
2026-05-07T07:32:51,4423,635220,2,480,logs/match_*.jsonl + matched_at
2026-05-07T07:41:56,4424,635924,1,704,logs/match_*.jsonl + matched_at
2026-05-07T07:48:04,4425,636628,1,704,logs/match_*.jsonl + matched_at
2026-05-07T10:44:51,4427,636984,2,356,logs/match_*.jsonl + matched_at
2026-05-07T10:55:02,4428,637096,1,112,logs/match_*.jsonl + matched_at
2026-05-07T10:57:25,4430,637460,2,364,logs/match_*.jsonl + matched_at
2026-05-07T11:09:55,4431,637576,1,116,logs/match_*.jsonl + matched_at
2026-05-07T11:19:05,4432,637808,1,232,logs/match_*.jsonl + matched_at
2026-05-07T11:34:40,4433,638600,1,792,logs/match_*.jsonl + matched_at
2026-05-07T11:42:11,4434,639144,1,544,logs/match_*.jsonl + matched_at
2026-05-07T12:01:42,4435,639888,1,744,logs/match_*.jsonl + matched_at
2026-05-07T12:16:29,4436,640236,1,348,logs/match_*.jsonl + matched_at
2026-05-07T12:23:28,4437,640364,1,128,logs/match_*.jsonl + matched_at
2026-05-07T12:28:50,4438,640500,1,136,logs/match_*.jsonl + matched_at
2026-05-07T12:30:43,4440,640864,2,364,logs/match_*.jsonl + matched_at
2026-05-07T12:32:50,4442,641768,2,904,logs/match_*.jsonl + matched_at
2026-05-07T12:53:48,4443,642152,1,384,logs/match_*.jsonl + matched_at
2026-05-07T13:03:28,4444,643204,1,1052,logs/match_*.jsonl + matched_at
2026-05-07T13:17:18,4445,643948,1,744,logs/match_*.jsonl + matched_at
2026-05-07T13:39:27,4447,644596,2,648,logs/match_*.jsonl + matched_at
2026-05-07T13:53:17,4448,644880,1,284,logs/match_*.jsonl + matched_at
2026-05-07T14:27:26,4449,645236,1,356,logs/match_*.jsonl + matched_at
2026-05-07T14:37:21,4450,645844,1,608,logs/match_*.jsonl + matched_at
2026-05-07T21:46:16,4452,646220,2,376,logs/match_*.jsonl + matched_at
2026-05-07T21:46:50,4454,646596,2,376,logs/match_*.jsonl + matched_at
2026-05-07T21:47:54,4456,646972,2,376,logs/match_*.jsonl + matched_at
2026-05-07T21:50:18,4458,647348,2,376,logs/match_*.jsonl + matched_at
2026-05-07T21:51:54,4460,647724,2,376,logs/match_*.jsonl + matched_at
2026-05-07T21:52:46,4462,648100,2,376,logs/match_*.jsonl + matched_at
2026-05-07T21:53:56,4464,648476,2,376,logs/match_*.jsonl + matched_at
2026-05-07T21:54:47,4466,648852,2,376,logs/match_*.jsonl + matched_at
2026-05-07T21:57:36,4468,649228,2,376,logs/match_*.jsonl + matched_at
2026-05-07T21:57:42,4470,649604,2,376,logs/match_*.jsonl + matched_at
2026-05-07T22:00:29.233266,4471,649792,1,188,logs/match_*.jsonl + matched_at
2026-05-07T22:01:21,4473,650168,2,376,logs/match_*.jsonl + matched_at
2026-05-07T22:03:16,4475,650544,2,376,logs/match_*.jsonl + matched_at
2026-05-07T22:03:42,4477,650920,2,376,logs/match_*.jsonl + matched_at
2026-05-07T22:05:03,4479,651296,2,376,logs/match_*.jsonl + matched_at
2026-05-07T22:06:07,4481,651672,2,376,logs/match_*.jsonl + matched_at
2026-05-07T22:06:32,4483,652048,2,376,logs/match_*.jsonl + matched_at
2026-05-07T22:07:53,4485,652424,2,376,logs/match_*.jsonl + matched_at
2026-05-07T22:08:25,4487,652800,2,376,logs/match_*.jsonl + matched_at
2026-05-07T22:10:15,4488,652988,1,188,logs/match_*.jsonl + matched_at
2026-05-07T22:11:10,4490,653364,2,376,logs/match_*.jsonl + matched_at
2026-05-07T22:12:58,4492,653740,2,376,logs/match_*.jsonl + matched_at
2026-05-07T22:13:33,4494,654116,2,376,logs/match_*.jsonl + matched_at
2026-05-07T22:17:12,4496,654492,2,376,logs/match_*.jsonl + matched_at
2026-05-07T22:20:33,4498,654868,2,376,logs/match_*.jsonl + matched_at
2026-05-07T22:21:12,4500,655244,2,376,logs/match_*.jsonl + matched_at
2026-05-07T22:22:38,4502,655620,2,376,logs/match_*.jsonl + matched_at
2026-05-07T22:22:52,4504,655996,2,376,logs/match_*.jsonl + matched_at
2026-05-07T22:23:47,4506,656372,2,376,logs/match_*.jsonl + matched_at
2026-05-07T22:25:05,4508,656748,2,376,logs/match_*.jsonl + matched_at
2026-05-07T22:25:10,4510,657124,2,376,logs/match_*.jsonl + matched_at
2026-05-07T22:26:55,4512,657500,2,376,logs/match_*.jsonl + matched_at
2026-05-07T22:28:16,4514,657876,2,376,logs/match_*.jsonl + matched_at
2026-05-07T22:29:09,4516,658252,2,376,logs/match_*.jsonl + matched_at
2026-05-07T22:30:17,4518,658628,2,376,logs/match_*.jsonl + matched_at
2026-05-07T22:31:17,4520,659004,2,376,logs/match_*.jsonl + matched_at
2026-05-07T22:33:08,4522,659380,2,376,logs/match_*.jsonl + matched_at
2026-05-07T22:34:41,4524,659756,2,376,logs/match_*.jsonl + matched_at
2026-05-07T22:35:37,4526,660132,2,376,logs/match_*.jsonl + matched_at
2026-05-07T22:35:58,4528,660508,2,376,logs/match_*.jsonl + matched_at
2026-05-07T22:38:09,4530,660884,2,376,logs/match_*.jsonl + matched_at
2026-05-07T22:38:25,4532,661260,2,376,logs/match_*.jsonl + matched_at
2026-05-07T22:39:30,4534,661636,2,376,logs/match_*.jsonl + matched_at
2026-05-07T22:39:41,4536,662012,2,376,logs/match_*.jsonl + matched_at
2026-05-07T22:41:19,4538,662388,2,376,logs/match_*.jsonl + matched_at
2026-05-07T22:41:23,4540,662764,2,376,logs/match_*.jsonl + matched_at
2026-05-07T22:43:08,4541,662952,1,188,logs/match_*.jsonl + matched_at
2026-05-08T10:22:00,4543,663352,2,400,logs/match_*.jsonl + matched_at
2026-05-08T10:24:22,4545,663844,2,492,logs/match_*.jsonl + matched_at
2026-05-08T10:25:46,4547,664316,2,472,logs/match_*.jsonl + matched_at
2026-05-08T10:29:34,4551,665176,4,860,logs/match_*.jsonl + matched_at
2026-05-08T10:30:37,4553,665592,2,416,logs/match_*.jsonl + matched_at
2026-05-08T10:33:03,4555,666024,2,432,logs/match_*.jsonl + matched_at
2026-05-08T10:35:15,4557,666476,2,452,logs/match_*.jsonl + matched_at
2026-05-08T10:36:09,4559,666948,2,472,logs/match_*.jsonl + matched_at
2026-05-08T10:38:23,4561,667424,2,476,logs/match_*.jsonl + matched_at
2026-05-08T10:38:58,4563,667880,2,456,logs/match_*.jsonl + matched_at
2026-05-08T10:40:29,4565,668296,2,416,logs/match_*.jsonl + matched_at
2026-05-08T10:42:13,4567,668736,2,440,logs/match_*.jsonl + matched_at
2026-05-08T10:44:24,4569,669176,2,440,logs/match_*.jsonl + matched_at
2026-05-08T10:45:26,4571,669628,2,452,logs/match_*.jsonl + matched_at
2026-05-08T10:47:26,4573,670068,2,440,logs/match_*.jsonl + matched_at
2026-05-08T10:49:03,4575,670508,2,440,logs/match_*.jsonl + matched_at
2026-05-08T10:50:45,4577,670948,2,440,logs/match_*.jsonl + matched_at
2026-05-08T10:52:54,4579,671416,2,468,logs/match_*.jsonl + matched_at
2026-05-08T10:55:31,4581,671896,2,480,logs/match_*.jsonl + matched_at
2026-05-08T10:56:57,4583,672444,2,548,logs/match_*.jsonl + matched_at
2026-05-08T10:57:13,4585,672852,2,408,logs/match_*.jsonl + matched_at
2026-05-08T10:58:08,4587,673268,2,416,logs/match_*.jsonl + matched_at
2026-05-08T10:59:36,4589,673704,2,436,logs/match_*.jsonl + matched_at
2026-05-08T11:00:05,4591,674120,2,416,logs/match_*.jsonl + matched_at
2026-05-08T11:01:37,4593,674576,2,456,logs/match_*.jsonl + matched_at
2026-05-08T11:03:57,4595,675032,2,456,logs/match_*.jsonl + matched_at
2026-05-08T11:04:31,4597,675472,2,440,logs/match_*.jsonl + matched_at
2026-05-08T11:06:16,4599,675912,2,440,logs/match_*.jsonl + matched_at
2026-05-08T11:07:12,4601,676348,2,436,logs/match_*.jsonl + matched_at
2026-05-08T11:07:34,4603,676756,2,408,logs/match_*.jsonl + matched_at
2026-05-08T11:08:30,4605,677220,2,464,logs/match_*.jsonl + matched_at
2026-05-08T11:10:05,4607,677792,2,572,logs/match_*.jsonl + matched_at
2026-05-08T11:12:12,4609,678300,2,508,logs/match_*.jsonl + matched_at
2026-05-08T11:14:27,4611,678844,2,544,logs/match_*.jsonl + matched_at
2026-05-08T11:14:36,4613,679300,2,456,logs/match_*.jsonl + matched_at
2026-05-08T11:16:32,4614,679500,1,200,logs/match_*.jsonl + matched_at
2026-05-08T11:18:17,4616,679828,2,328,logs/match_*.jsonl + matched_at
2026-05-08T11:18:35,4618,680160,2,332,logs/match_*.jsonl + matched_at
2026-05-08T11:24:09,4620,680548,2,388,logs/match_*.jsonl + matched_at
2026-05-08T11:28:36,4622,680920,2,372,logs/match_*.jsonl + matched_at
2026-05-08T11:31:19,4623,681256,1,336,logs/match_*.jsonl + matched_at
2026-05-08T11:34:18,4624,681464,1,208,logs/match_*.jsonl + matched_at
2026-05-08T11:36:29,4626,681976,2,512,logs/match_*.jsonl + matched_at
2026-05-08T11:40:21,4627,682232,1,256,logs/match_*.jsonl + matched_at
2026-05-08T11:40:39,4628,682492,1,260,logs/match_*.jsonl + matched_at
2026-05-08T11:44:47,4630,683088,2,596,logs/match_*.jsonl + matched_at
2026-05-08T11:44:59,4631,683348,1,260,logs/match_*.jsonl + matched_at
2026-05-08T11:51:21,4633,683788,2,440,logs/match_*.jsonl + matched_at
2026-05-08T11:53:14,4635,684260,2,472,logs/match_*.jsonl + matched_at
2026-05-08T11:54:10,4637,684768,2,508,logs/match_*.jsonl + matched_at
2026-05-08T12:04:16,4639,685248,2,480,logs/match_*.jsonl + matched_at
2026-05-08T12:08:07,4640,685528,1,280,logs/match_*.jsonl + matched_at
2026-05-08T12:12:22,4642,686164,2,636,logs/match_*.jsonl + matched_at
2026-05-08T12:17:22,4643,686480,1,316,logs/match_*.jsonl + matched_at
2026-05-08T12:20:12,4645,686808,2,328,logs/match_*.jsonl + matched_at
2026-05-08T12:20:47,4646,687096,1,288,logs/match_*.jsonl + matched_at
2026-05-08T12:24:09,4647,687216,1,120,logs/match_*.jsonl + matched_at
2026-05-08T12:47:21,4649,687556,2,340,logs/match_*.jsonl + matched_at
2026-05-08T13:10:48,4651,687912,2,356,logs/match_*.jsonl + matched_at
2026-05-08T13:11:40,4653,688208,2,296,logs/match_*.jsonl + matched_at
2026-05-08T13:18:17,4655,689068,2,860,logs/match_*.jsonl + matched_at
2026-05-08T13:24:36,4656,689304,1,236,logs/match_*.jsonl + matched_at
2026-05-08T13:27:19,4658,689928,2,624,logs/match_*.jsonl + matched_at
2026-05-08T13:28:35,4659,690396,1,468,logs/match_*.jsonl + matched_at
2026-05-08T13:54:40,4661,690872,2,476,logs/match_*.jsonl + matched_at
2026-05-08T13:57:07,4663,691384,2,512,logs/match_*.jsonl + matched_at
2026-05-08T14:27:51,4665,691856,2,472,logs/match_*.jsonl + matched_at
2026-05-08T14:28:19,4667,692356,2,500,logs/match_*.jsonl + matched_at
2026-05-08T14:31:52,4668,692620,1,264,logs/match_*.jsonl + matched_at
2026-05-08T14:36:49,4669,692872,1,252,logs/match_*.jsonl + matched_at
2026-05-08T14:41:09,4670,693144,1,272,logs/match_*.jsonl + matched_at
2026-05-08T14:46:45,4671,693468,1,324,logs/match_*.jsonl + matched_at
2026-05-08T14:58:56,4672,693928,1,460,logs/match_*.jsonl + matched_at
2026-05-08T15:07:11,4673,694480,1,552,logs/match_*.jsonl + matched_at
2026-05-08T15:10:40,4674,694652,1,172,logs/match_*.jsonl + matched_at
2026-05-08T15:15:40,4676,695220,2,568,logs/match_*.jsonl + matched_at
2026-05-08T15:26:20,4677,695532,1,312,logs/match_*.jsonl + matched_at
2026-05-08T15:29:06,4679,696252,2,720,logs/match_*.jsonl + matched_at
2026-05-08T15:36:24,4680,696604,1,352,logs/match_*.jsonl + matched_at
2026-05-08T15:37:10,4682,697348,2,744,logs/match_*.jsonl + matched_at
2026-05-08T15:43:32,4683,697760,1,412,logs/match_*.jsonl + matched_at
2026-05-08T15:47:44,4684,698140,1,380,logs/match_*.jsonl + matched_at
2026-05-08T15:56:01,4686,699076,2,936,logs/match_*.jsonl + matched_at
2026-05-08T16:02:28,4688,699844,2,768,logs/match_*.jsonl + matched_at
2026-05-08T16:02:32,4689,700284,1,440,logs/match_*.jsonl + matched_at
2026-05-08T16:06:35,4691,700840,2,556,logs/match_*.jsonl + matched_at
2026-05-08T16:09:58,4693,701388,2,548,logs/match_*.jsonl + matched_at
2026-05-08T16:10:03,4695,701960,2,572,logs/match_*.jsonl + matched_at
2026-05-08T16:15:25,4697,702584,2,624,logs/match_*.jsonl + matched_at
2026-05-08T16:35:02,4699,703296,2,712,logs/match_*.jsonl + matched_at
2026-05-08T16:51:22,4701,704056,2,760,logs/match_*.jsonl + matched_at
2026-05-08T16:58:29,4703,704924,2,868,logs/match_*.jsonl + matched_at
2026-05-08T17:02:27,4704,705336,1,412,logs/match_*.jsonl + matched_at
2026-05-08T17:02:29,4706,706264,2,928,logs/match_*.jsonl + matched_at
2026-05-08T17:05:17,4708,707240,2,976,logs/match_*.jsonl + matched_at
2026-05-08T17:15:15,4710,707788,2,548,logs/match_*.jsonl + matched_at
2026-05-08T17:16:50,4712,708340,2,552,logs/match_*.jsonl + matched_at
2026-05-08T17:17:27,4714,708892,2,552,logs/match_*.jsonl + matched_at
2026-05-08T17:19:25,4716,709444,2,552,logs/match_*.jsonl + matched_at
2026-05-08T17:20:48,4718,709996,2,552,logs/match_*.jsonl + matched_at
2026-05-08T17:21:14,4720,710548,2,552,logs/match_*.jsonl + matched_at
2026-05-08T17:22:57,4722,711128,2,580,logs/match_*.jsonl + matched_at
2026-05-08T17:31:11,4724,711788,2,660,logs/match_*.jsonl + matched_at
2026-05-08T17:35:38,4726,712476,2,688,logs/match_*.jsonl + matched_at
2026-05-08T17:50:55,4727,712828,1,352,logs/match_*.jsonl + matched_at
2026-05-08T19:03:48,4729,713236,2,408,logs/match_*.jsonl + matched_at
2026-05-08T19:09:33,4730,713572,1,336,logs/match_*.jsonl + matched_at
2026-05-08T19:23:32,4732,714008,2,436,logs/match_*.jsonl + matched_at
2026-05-08T19:27:09,4734,714612,2,604,logs/match_*.jsonl + matched_at
2026-05-08T19:31:41,4736,715112,2,500,logs/match_*.jsonl + matched_at
2026-05-08T19:31:54,4737,715452,1,340,logs/match_*.jsonl + matched_at
2026-05-08T19:40:32,4738,715640,1,188,logs/match_*.jsonl + matched_at
2026-05-08T19:46:10,4740,716200,2,560,logs/match_*.jsonl + matched_at
2026-05-08T19:48:50,4742,716952,2,752,logs/match_*.jsonl + matched_at
2026-05-08T19:51:32,4744,717532,2,580,logs/match_*.jsonl + matched_at
2026-05-08T20:08:06,4745,717864,1,332,logs/match_*.jsonl + matched_at
2026-05-08T20:19:11,4746,718372,1,508,logs/match_*.jsonl + matched_at
2026-05-08T20:27:32,4747,718652,1,280,logs/match_*.jsonl + matched_at
2026-05-08T20:48:20,4749,719620,2,968,logs/match_*.jsonl + matched_at
2026-05-08T20:54:29,4751,720064,2,444,logs/match_*.jsonl + matched_at
2026-05-08T21:02:26,4752,720444,1,380,logs/match_*.jsonl + matched_at
2026-05-08T21:11:08,4753,720896,1,452,logs/match_*.jsonl + matched_at
2026-05-08T21:17:14,4755,721440,2,544,logs/match_*.jsonl + matched_at
2026-05-08T21:36:11,4756,721804,1,364,logs/match_*.jsonl + matched_at
2026-05-08T21:53:07,4758,722516,2,712,logs/match_*.jsonl + matched_at
2026-05-08T22:21:40,4759,722912,1,396,logs/match_*.jsonl + matched_at
2026-05-08T22:28:19,4760,723176,1,264,logs/match_*.jsonl + matched_at
2026-05-08T22:29:18,4762,723728,2,552,logs/match_*.jsonl + matched_at
2026-05-08T22:34:10,4763,724084,1,356,logs/match_*.jsonl + matched_at
2026-05-08T22:37:06,4765,724820,2,736,logs/match_*.jsonl + matched_at
2026-05-08T22:42:41,4767,725564,2,744,logs/match_*.jsonl + matched_at
2026-05-08T22:43:13,4768,725924,1,360,logs/match_*.jsonl + matched_at
2026-05-08T22:49:06,4770,726704,2,780,logs/match_*.jsonl + matched_at
2026-05-08T22:52:15,4771,727112,1,408,logs/match_*.jsonl + matched_at
2026-05-08T22:52:36,4773,727972,2,860,logs/match_*.jsonl + matched_at
2026-05-08T22:59:36,4775,728900,2,928,logs/match_*.jsonl + matched_at
2026-05-08T23:00:06,4777,729788,2,888,logs/match_*.jsonl + matched_at
2026-05-08T23:08:10,4779,730800,2,1012,logs/match_*.jsonl + matched_at
2026-05-08T23:08:26,4780,731312,1,512,logs/match_*.jsonl + matched_at
2026-05-08T23:15:04,4782,732384,2,1072,logs/match_*.jsonl + matched_at
2026-05-08T23:15:27,4784,733476,2,1092,logs/match_*.jsonl + matched_at
2026-05-08T23:31:15,4785,733796,1,320,logs/match_*.jsonl + matched_at
2026-05-08T23:36:29,4787,734448,2,652,logs/match_*.jsonl + matched_at
2026-05-08T23:40:50,4788,734832,1,384,logs/match_*.jsonl + matched_at
2026-05-08T23:50:35,4790,735672,2,840,logs/match_*.jsonl + matched_at
2026-05-08T23:50:56,4792,736700,2,1028,logs/match_*.jsonl + matched_at
2026-05-09T00:00:58,4793,737088,1,388,logs/match_*.jsonl + matched_at
2026-05-09T00:37:54,4795,738628,2,1540,logs/match_*.jsonl + matched_at
2026-05-09T00:54:23,4796,739276,1,648,logs/match_*.jsonl + matched_at
